window_id,ts_q_cv,ts_q_mad_rel,ts_q_iqr_rel,ts_q_drift_rel,ts_q_tv_step_rel,ts_q_lag1,ts_q_start_over_plateau,ts_q_end_over_plateau,ts_q_plateau_cv,ts_q_spike_frac,ts_channel_cv_mean,ts_channel_cv_max,ts_channel_plateau_cv_mean,ts_channel_drift_abs_mean,ts_channel_tv_mean,ts_pair_corr_mean,ts_pair_corr_min,ts_diff_top_bottom_std,ts_diff_top_bottom_drift,ts_diff_inner_skew_std,ts_diff_inner_skew_drift,ts_diff_center_edge_std,ts_diff_center_edge_drift,ts_diff_alternating_std,ts_diff_alternating_drift
updated_20260607_home__20260607_093346,0.174316695670508,0.00616827460719374,0.01837342860273423,0.12780150920704852,0.017938368067926393,0.9587904986535163,-0.23108927685347658,-0.1022636649461679,0.0053336228066289,0.24083769633507854,0.17884089090957062,0.19535650767075194,0.019539204531207884,0.12822228863609936,0.03264435790183494,0.9495221524492635,0.8700462753715069,0.12437079482180091,0.0268668756600851,0.09996087345981773,-0.030493869429742602,0.14007375049570403,0.0924572792428302,0.11515241074656622,0.057360745089827685
updated_20260607_home__20260607_104833,0.26959752323289904,0.010453783076146476,0.025300891454208226,-0.11673700059858386,0.023837431414713717,0.9864474018385593,-0.22883600041668717,-0.33441936554770946,0.012886686287214686,0.23275862068965517,0.27118507739703995,0.2738209855354341,0.019510616940676666,0.11692114199650276,0.03190381653215158,0.9903818814355472,0.9753910759662343,0.5001873308444256,0.037395649576818846,0.26997447233259775,0.14717452026495303,0.198635270288219,-0.10390479432863645,0.46840125133022575,-0.10977887068813413
updated_20260607_home__20260607_111129,0.23040715082921603,0.007147873407008872,0.014251877978522745,0.028762638636243554,0.019807688457059137,0.9829886280287949,-0.24150435263022407,-0.2113140564703464,0.00621450417853481,0.20634920634920634,0.23136179350475589,0.23405905782899328,0.01633276620242849,0.02881734470926481,0.030049280879467743,0.9942862844058256,0.9866321798848853,0.06399874681511698,0.01724587740953367,0.049720923113655,-0.006241497489758802,0.23649486311665335,0.14838169063486975,0.06889467285745952,0.023487374899292476
updated_20260607_home__20260607_113256,0.2342389441900706,0.006607118634743129,0.04057124232907092,0.022795772030025505,0.017599478503232704,0.9838472206240922,-0.24786515254106356,-0.2200455925099053,0.0052286803139341255,0.2695035460992908,0.23648650414291947,0.24032200330854817,0.017554192674114583,0.022974697346510795,0.030029406361225724,0.9930252081845067,0.9819649514392161,0.3041506668071336,0.22655846098701687,0.20944865860535422,0.15020268414682383,0.21528737926436953,0.16659781608091662,0.14126345699290443,0.07635577684019307
updated_20260607_home__20260607_115557,0.18313639080789787,0.005415732760876358,0.013030373585979318,0.06391334262715456,0.01627619797074403,0.9704231981428083,-0.1908672035586393,-0.12743042069304933,0.004810672565076685,0.1870967741935484,0.18432592327255862,0.18539732562590383,0.015612254595426839,0.0639502575252557,0.027053480771047196,0.9902569079030508,0.97754754214787,0.0546469421932915,-0.033587164535439314,0.07151977827710396,-0.04064634596715637,0.13946670235998576,0.0776172038838504,0.06561053499058192,0.00705918143171705
updated_20260607_home__20260607_122116,0.17763204687312215,0.004700213247114297,0.009727395398473027,0.01591725182681953,0.013873726435016411,0.9686400997784819,-0.1482152184782315,-0.12779079107723545,0.004983539210493694,0.17297297297297298,0.17932740022475507,0.18164557879874804,0.01902456556628614,0.015920080072638555,0.030744828013842068,0.9840066426861636,0.9580834541959852,0.291501590213611,0.14777864320739834,0.23513804828042734,0.11806389394033037,0.05721649202171991,0.0005056141699902463,0.11098630507986007,0.029714749267067964
updated_20260607_home__20260607_124409,0.18889535282258943,0.003589484885472446,0.007798041778108146,-0.06763586539727669,0.015555172508885875,0.963609096526269,-0.07573908464655077,-0.1262357975581394,0.0037075265197835765,0.20346320346320346,0.19080758267056883,0.19461443874269616,0.02046608339993902,0.0678588325515386,0.03303742667815657,0.9846888737458924,0.964133765994789,0.20792409556154715,0.10510832279653204,0.178525844534416,0.10963780905600835,0.21133594191581692,0.1647742614645488,0.12072109335824759,-0.004529486259476305
updated_20260607_home__20260607_133216,0.2501365609447266,0.020782173623770866,0.08096041514482673,-0.0060127397262695025,0.02356480208724123,0.9844757292194835,-0.25723316903388327,-0.2817302633360177,0.03375043479938596,0.17647058823529413,0.25194518845293745,0.2529210760448521,0.03770752523688486,0.007910853275610318,0.0336807632193572,0.9875628765458726,0.9735858352973011,0.41312807274256536,-0.29412475461301857,0.12894742620891392,-0.06364325825750099,0.16411626775702712,-0.0720189616232383,0.44396729358661363,-0.23048149635551768
updated_20260607_home__20260607_135505,0.2853911753077051,0.009617476567876737,0.08463200510827128,-0.10572971246990599,0.018707167700368028,0.9903821498456096,-0.2933110884750031,-0.3907048014368212,0.01036523238493071,0.28346456692913385,0.2880544305398566,0.2895179613963037,0.018513159990210838,0.10671199993066974,0.028892948538802567,0.9966689151619464,0.992170043669884,0.3594225223152791,0.17186557375218997,0.38516606733710174,0.099423762205325,0.36245305017231244,-0.32394699487304607,0.37554423517161784,0.07244181154686492
updated_20260607_home__20260607_141757,0.22566684618248908,0.008192682832426697,0.018321236657120134,0.03963994218588354,0.017685452425749187,0.9817112302044628,-0.24300079698675514,-0.1961007369371437,0.006824118883919919,0.21014492753623187,0.22717797576813878,0.22924313141673508,0.018291938528899647,0.03969622085013998,0.030104377428484264,0.9928081184554086,0.982152100557769,0.19670218448132795,0.14245625540820236,0.2568700003884365,0.1443532501285984,0.1796310948019871,0.14287197136674057,0.11515447457664933,-0.0018969947203960648
updated_20260608_home__20260608_090825,0.2507843256808634,0.007373717365120379,0.024308216051149672,-0.0417334014403685,0.020724928108568266,0.9863710029162668,-0.25255076121938236,-0.2865591313157533,0.007710932388170275,0.216,0.2515611329452757,0.2536315995918756,0.01562294606726967,0.04188316332670246,0.027150141926514125,0.9958866337443345,0.9914553903910726,0.2054896543147584,0.03851308573239209,0.1957117244418425,-0.09571347552172646,0.22952505681432248,0.10844053671953809,0.11023821468057349,0.13422656125411853
updated_20260608_home__20260608_093103,0.2253175956109324,0.006845901948874096,0.013475338106980284,-0.07473755996639593,0.01635581770067985,0.98237544159711,-0.16237070727640313,-0.22249174943098704,0.007645821469507672,0.17834394904458598,0.22592515206098515,0.2283815783748328,0.01502800581544737,0.07484770883461671,0.024616173576601907,0.9945156130227171,0.9867015438424382,0.4601075032561727,0.0036374765230085815,0.044584399316041405,0.013159799764420521,0.19323648999227952,0.1461731506912668,0.46807190023675777,-0.009522323241411853
updated_20260608_home__20260608_103248,0.16784289219040718,0.004131277917028316,0.008131006063053732,-0.01923198971983818,0.012021380769577282,0.9608487886057521,-0.08692424217119721,-0.10189251875081484,0.004325340725488182,0.08888888888888889,0.1688376342426301,0.170821557166946,0.01563133572725727,0.019056542434371847,0.02296122349114075,0.9874434265211258,0.9719374951171904,0.09412039724599945,0.02190850718428273,0.08850859032600016,0.017551932402824863,0.19717886189779668,0.09408591036428929,0.10178308611513566,0.004356574781457862
updated_20260608_home__20260608_105332,0.16359059138891585,0.004437279826999116,0.008968705422661465,-0.04568567972838566,0.010220595822148158,0.955816763043553,-0.0515536456010921,-0.09067018858623555,0.004511970746409723,0.08503401360544217,0.1644707893722764,0.1658021934009299,0.018104671784686506,0.0455963767444869,0.022472487194868034,0.984337789004073,0.9668424976300104,0.22891516026866324,0.12148149429895634,0.19976193960934743,0.001449029948013952,0.16461414724433718,-0.0681147788440384,0.1881355897243407,0.12003246435094239
updated_20260608_home__20260608_112156,0.2700186959358843,0.012122948890588518,0.06679612777282326,-0.03404175308688064,0.021093110499851974,0.9886873438420823,-0.30018915006124347,-0.3305323648095424,0.010088696752837805,0.23529411764705882,0.2715121761991777,0.27400625262915385,0.015207472945097184,0.03405778796086882,0.02732282912583167,0.9975875791236526,0.9949496687972202,0.32266543456539265,0.020978750454070477,0.09173191700997681,0.0015482024101693109,0.3291892513343161,-0.08584429985154933,0.24573915715530834,0.01943054804390113
updated_20260608_home__20260608_130102,0.23427281927433902,0.005041714929848571,0.009588861678371237,-0.07903254378910758,0.01920220704795887,0.9822904314353071,-0.15731510284573758,-0.23284225678609305,0.0046672327943939355,0.23741007194244604,0.2349636014210703,0.23652281097737007,0.014989242165304345,0.07915885166371275,0.027397589570454017,0.9949439945870822,0.9890133540662421,0.162487251471183,-0.04493332309095086,0.12500113966083193,-0.055123418529336145,0.28252241913690346,-0.014065027334279116,0.12801628300149046,0.010190095438385284
updated_20260608_home__20260608_135520,0.20997930301496828,0.009087125176072039,0.018081054392229807,-0.029258816584440628,0.016807747425411915,0.97806682629147,-0.1530182447361672,-0.1750875000898786,0.007990777769039505,0.11688311688311688,0.21058935738196133,0.21294961730884832,0.016081898633822117,0.02908527407492213,0.0255190377581573,0.9942915319943648,0.9865716490737583,0.14324679489513406,-0.030696958613763547,0.09327676273476576,0.009883204893143859,0.2054836842334455,0.1490962107301214,0.22205768616069702,-0.04058016350690736
updated_20260608_home__20260608_155232,0.26654189311551263,0.008570262545710142,0.0171718974086656,-0.016440425494077874,0.02070672276310567,0.9883477525971027,-0.2876776956434637,-0.2914565526170644,0.01274104448781749,0.22950819672131148,0.2670618635116782,0.26981657332988523,0.01849468715696421,0.01641359940559204,0.027397133266953134,0.9969274284806946,0.9930478393328324,0.16939140163462552,-0.10952379933914273,0.08084686315789134,-0.0649084636399451,0.25225612007474013,0.21797902956719933,0.14139132664848555,-0.04461533569919761
updated_20260608_home__20260608_161457,0.24686681502121136,0.007224139304820638,0.05931659927106885,0.07098601956246697,0.019242227401976213,0.9872930133721479,-0.324278966871721,-0.24931041807568444,0.007892898521681067,0.265625,0.24798754063384926,0.2507333579087765,0.014923029597354146,0.07132152750424454,0.026941984272751178,0.9965073615202484,0.9919639546487051,0.17640784031883555,0.03732604341854597,0.0657228137281461,-0.024054887969701448,0.21634674208334911,0.12624321536183902,0.21923461547748185,0.061380931388247406
updated_20260608_home__20260608_163905,0.22037865090335948,0.006234618562633286,0.014489401467273783,-0.03010103224614909,0.017665141475647832,0.9812781792505647,-0.1916881806773998,-0.21140849841129694,0.006665342837958371,0.19858156028368795,0.22134250592597765,0.22440723611801489,0.014856047413815576,0.03022842910484578,0.02612801547691061,0.9945268093029067,0.9875727537125166,0.24840391554041297,0.05018575253291008,0.050576984893918236,-0.01912107676596275,0.14241713616289944,0.08698381086587849,0.2171255234783242,0.06930682929887282
updated_20260608_home__20260608_170026,0.20111054337444004,0.0063804555316894895,0.012416715317535083,0.017409506134086105,0.01627371851703699,0.9760309736607686,-0.17857645501910946,-0.16345283467702398,0.004833662330554954,0.14375,0.20204756346642042,0.2036156313556444,0.01485600564874807,0.017524467547677607,0.026063731328316846,0.9933470011348422,0.9861376806578397,0.09574841019742135,0.0006821422427440341,0.0950524989198555,0.01647971344327555,0.16445270075173393,0.09903014872866264,0.03799258914580021,-0.01579757120053151
updated_20260608_home__20260608_174749,0.16665938645315662,0.0048561866764881565,0.009527862740515716,-0.03909809774518283,0.012120777875725046,0.9587538143121421,-0.06900238945664317,-0.1024041765171565,0.0044476944197394805,0.05829596412556054,0.16756767774365752,0.16947741209666595,0.0180779106555544,0.03906796087771099,0.02390562480325694,0.9854324635828032,0.9679437815430001,0.1159183860321978,0.04496923961299729,0.14312465070497732,-0.05449967694635016,0.18202723539494628,0.09775978983814325,0.2261364388803336,0.09946891655934745
updated_20260608_home__20260608_181045,0.14465805434591555,0.004256550623793309,0.008281822031659489,-0.03945798268623058,0.011074639154554141,0.9406091639221882,-0.04745942196058839,-0.08030456508606676,0.011393934831814825,0.052083333333333336,0.14607056016980538,0.14837586467948344,0.021567411869056394,0.03910600207109536,0.02271587472881421,0.9740181228049256,0.9482271798753289,0.20161911532192836,0.10130478664244705,0.030303096221937116,0.0048748318873103845,0.17272870962386885,-0.030320947556885976,0.18848596402356713,0.09642995475513666
updated_20260609_home__20260609_083150,0.22292294505094423,0.0048033420621124605,0.009383146917912527,-0.008266391418408207,0.018397341819363575,0.9805251748527616,-0.18220707496583521,-0.18842051582395547,0.004558154445851614,0.2112676056338028,0.22366515400034973,0.22601764450586342,0.013413792320831192,0.009235460780246682,0.027532387384639413,0.9954038349565412,0.9911295252310056,0.1923399284944955,-0.006988973814965446,0.26978640630512174,-0.05909100017294383,0.07902297941921672,-0.02086542369252121,0.14374721920561995,0.052102026357978365
updated_20260609_home__20260609_085806,0.2658811088512125,0.010168072227002571,0.04505202679981959,-0.02115424140906097,0.021277971153478882,0.9881734049087272,-0.28421915517187935,-0.2969909105498064,0.0094208235818397,0.21487603305785125,0.26686570410141425,0.2693264337694136,0.01461474451051395,0.021169742584127425,0.027240545577648972,0.9977891023283799,0.9955927101597704,0.08183339751625532,-0.026962379308369675,0.08961132281036399,-0.056106901267002206,0.20938513588732777,0.1900791485518045,0.0366340746232544,0.029144521958632524
updated_20260609_home__20260609_093941,0.23622585753373423,0.008548995769438761,0.019241695645473032,-0.13161802806588363,0.016732488775056613,0.982431180267029,-0.12844275762200197,-0.2455333690588658,0.008013378515165322,0.18125,0.23637802817998485,0.23906960135981853,0.0154835576084436,0.13137313725029356,0.02559794189932286,0.9958761420973647,0.9918749459823752,0.16105267947503266,0.06986359007188114,0.17181181555933078,-0.06703310434206086,0.28974720183562425,0.3116321793337513,0.15301404257655177,0.136896694413942
updated_20260609_home__20260609_094422,0.16923833093671323,0.0031064871504632,0.00615493759842229,-0.030039116513111454,0.011227807661901314,0.9835535290027558,-0.09976459284632688,-0.12564788885567912,0.0032908107183621895,0.08898305084745763,0.17022251877515246,0.17247025118536716,0.0181826359903818,0.030076731975117316,0.02363787064494589,0.9860427375201803,0.9757897406764701,0.08663671126156307,0.02974303545945983,0.06792257769122624,0.038080626243748944,0.09507266201895913,0.039151898011632325,0.043896697094885126,-0.008337590784289115
updated_20260609_home__20260609_101255,0.18677916187130475,0.005005616250495075,0.010126519216769159,-0.03092006689634562,0.013797952456533666,0.9708167129352776,-0.1145719832593941,-0.13888848326939152,0.005423972426705131,0.12234042553191489,0.1873458741194934,0.1882448926256826,0.014734528133184262,0.030922017202290042,0.02387753281813276,0.9927639998696774,0.9873454969105976,0.2777104693822349,0.07316016762492628,0.14556101494610568,0.009469612054852462,0.19404688729695863,-0.09529444856932656,0.15182719921852125,0.0636905555700738
updated_20260609_home__20260609_110218,0.1387225689127117,0.0038636798127452973,0.007561265442984095,-0.05986208269779781,0.011425171856878287,0.9297193794316828,-0.028682142375864084,-0.07656790034437455,0.003804693967200185,0.12751677852348994,0.1396231407006423,0.14089992879908317,0.015225433985875203,0.05995543687208338,0.023172798834132636,0.9832075454824336,0.9677283480115266,0.2252698116414044,-0.0032436228437303116,0.18533352187297714,-0.06146608349093785,0.1890087737797718,-0.10901536795102082,0.17209080513352587,0.058222460647207555
updated_20260609_home__20260609_112709,0.26053023661427976,0.019917894119161686,0.053229684706927814,0.0032941576285142674,0.02106900585338557,0.9873385570744202,-0.2989951436690098,-0.28645794262023294,0.013688935589914726,0.2,0.2609180920165877,0.2620494080544675,0.018941673406921617,0.004267040848402659,0.028650841828563145,0.9970013243803979,0.994642741956933,0.19264313585927598,0.09333349748464466,0.23608325475913758,0.08130346309925353,0.06406590683082371,-0.026980816314982434,0.09998120422598133,0.01203003438539118
updated_20260609_home__20260609_124246,0.28030429522599354,0.007386255378679099,0.02612116951868504,-0.11377749837325189,0.01920350872813688,0.9899566045633426,-0.2534383350526741,-0.35410269355941626,0.006906209739602816,0.23484848484848486,0.28146179299222523,0.2837660342606903,0.014106796566999235,0.11406912232837074,0.026213587037446605,0.9975486750764511,0.9952550353523366,0.4653999678958323,-0.0344174101524539,0.20238906537950369,-0.1387776949926295,0.2625863550526455,0.175173838933192,0.448093886454579,0.10436028484017557
updated_20260609_home__20260609_130119,0.23006979054995091,0.009302215184064615,0.018189305278001465,-0.0017969897542822787,0.018287378991498637,0.9824833169413412,-0.2024264150896561,-0.1981551981665195,0.009073209643678075,0.16058394160583941,0.23051532199259409,0.23291094832792514,0.015688112708057842,0.005932817687569281,0.02642553373660473,0.9961707287656182,0.9913215340259504,0.2561181902205467,0.009899104565849269,0.12592144860447724,-0.0302306302483545,0.06802974851436215,-0.037208427118572224,0.14370619073843405,0.04012973481420377
updated_20260609_home__20260609_132339,0.20621744362666952,0.004144831991901341,0.008824621809853246,-0.02490272250030106,0.01608397141698375,0.9760667012232612,-0.1469412414901068,-0.16763199742199753,0.004391741655454427,0.125,0.20712463971791667,0.20916075488869862,0.0132477197959468,0.02488089042071967,0.025355364155972317,0.9947398317663776,0.9895958153513105,0.2263967467348071,-0.011997494873675286,0.06491909847488289,-0.012777463981133646,0.12402437832554897,0.07422279877343187,0.16520734675682772,0.0007799691074583684
updated_20260609_home__20260609_133044,0.20326208894038406,0.0034919826187723548,0.006949629951836459,-0.03810347072969169,0.01184288777992011,0.9890813785075353,-0.13213093832677025,-0.16544788488336515,0.0036684061042090168,0.10084033613445378,0.20441546049543646,0.20765877865738966,0.01783385315718086,0.03830713770659867,0.02388704607270694,0.9898689873950127,0.9821447317127302,0.09772096371770463,-0.04917672793666737,0.1498631641162386,0.00785504869763532,0.146929373305304,0.13037874207593736,0.15477948672363967,-0.05703177663430268
updated_20260609_home__20260609_153413,0.24653695992084515,0.013320277826093069,0.022766492304845367,0.0051387395650063705,0.019617484650735918,0.9856656922379337,-0.26465154359207177,-0.24655270071117608,0.0113504955918794,0.20967741935483872,0.2469696047507358,0.24924591474885996,0.016505252752651682,0.00654012374879373,0.027457645581043032,0.9970037755937564,0.9949603320767455,0.25161008354660375,0.06862894445622728,0.17135920037561794,0.08091030009265686,0.03803807956945457,0.010294180436306418,0.1249716292940278,-0.012281355636429604
updated_20260609_home__20260609_155607,0.23600650868588646,0.004733604453411305,0.013631520432168918,-0.05195374421000268,0.01648947062682378,0.9846608051392465,-0.2033403217757137,-0.24614939313481732,0.005280299377443956,0.22535211267605634,0.23713137037414667,0.24020547929926342,0.013372364696957397,0.05201755772756058,0.025815883309231014,0.9961759910619692,0.9921940049624504,0.2976482060096911,-0.1009549620097913,0.27217154897352264,-0.2117176686429747,0.17183021039790658,0.00690423132960186,0.40036900771839884,0.11076270663318338
updated_20260609_home__20260609_161953,0.19520482824074745,0.00453605574673105,0.009229537046294532,-0.010929213890578196,0.018961745616052888,0.9666804973810746,-0.1411757783960068,-0.15141000997381904,0.019606946644873453,0.15384615384615385,0.1975201417020259,0.2022871455414034,0.031082274858114496,0.011374802089315884,0.02774664149520321,0.9745301467695777,0.940093804745723,0.15273785890891536,0.07859162890585175,0.19053083553572095,-0.10063946907308939,0.15603533433222078,0.103078318833998,0.2878725154866668,0.17923109797894113
updated_20260609_home__20260609_165100,0.18191439564746645,0.003903787379131589,0.007768257940054069,-0.0002891744213266464,0.014233270433868678,0.9686794836626547,-0.1267367490085448,-0.1233858286000068,0.004273128771548702,0.16042780748663102,0.18289504748684773,0.18512906676665286,0.013655871353429041,0.00392409557126769,0.024280913035178178,0.991996792348772,0.984932919318066,0.14725468673589096,0.03139197136624786,0.12791322518867257,0.016244672703309947,0.17831371888854022,0.12274574174500558,0.051187843068166844,0.015147298662937915
updated_20260609_home__20260609_171653,0.15470633036592182,0.004477592315545445,0.009161138817228609,-0.04245779967251121,0.012230260971462268,0.9480165964043373,-0.048543958292184164,-0.08558505764088997,0.004123005206792129,0.11946902654867257,0.15556828560956648,0.1582134047510799,0.015825262267285076,0.04228394829728836,0.024472843775323338,0.9853633938634546,0.971115416561506,0.11209863249910353,-0.04689337350976475,0.19183886799288893,-0.035439305103410125,0.10164927128188568,0.03249328701670696,0.28275092391227674,-0.011454068406354639
updated_20260609_home__20260609_174154,0.11496259535373454,0.0031248343107601233,0.006206257285770916,-0.012559109862185645,0.010148417905904466,0.900047521100051,-0.03615175600163967,-0.04793253091824956,0.003109944890792241,0.05442176870748299,0.11624276095873809,0.11838107844046056,0.016297242430669705,0.012710887353158399,0.022928067778316026,0.9721772322804284,0.9487363333538651,0.21264017121383824,-0.08838574083243327,0.08403043482792337,0.011511112231030293,0.054775871574091466,-0.015612090860224496,0.2832001453397124,-0.09989685306346358
updated_20260610_home__20260610_092743,0.3039507830421087,0.011067106310740073,0.06973838157178067,-0.20605703629383837,0.019412983473680145,0.9917789232060866,-0.27805395865456783,-0.47175927944085705,0.005361565538977536,0.2540983606557377,0.30604892883408286,0.3078696544910939,0.009900925632761088,0.2069162574711516,0.023914117887732737,0.9978520679397713,0.9954415502878364,0.5013642720213486,0.024558283445623445,0.18971700104694397,-0.16695406027841064,0.40099655431603703,0.1917289953262778,0.5431114562326201,0.1915123437240341
updated_20260610_home__20260610_095019,0.2728518470793612,0.0066516947404704286,0.033626286462093584,-0.003941964248410284,0.018631203668940582,0.9896642913395329,-0.31709533746035135,-0.31258363942012957,0.005139564765242517,0.248,0.27373008515612895,0.2761814991270471,0.009933697811593083,0.018473790848765232,0.023645021526587075,0.9970966057913895,0.9937965696808679,0.44811837974865837,0.19532338664030985,0.1542844947931909,0.08527496113001655,0.23307805455822134,0.23193958278106136,0.45368825459859236,0.11004842551029322
updated_20260610_home__20260610_102055,0.18570710377792607,0.0036770467028808965,0.007091668030324373,0.013084029963244294,0.013299254727276487,0.9862584895234654,-0.13932117726052284,-0.12741255503540394,0.004451236011632109,0.1,0.18662042053693795,0.19046781532468582,0.014314877989194008,0.01360616902252404,0.021347784448130583,0.9908527400923193,0.9848332695829337,0.1134516714251794,0.07592887089615706,0.0884188426493117,0.05549377682961181,0.0844274893449545,0.08888937520512911,0.08354474642440064,0.020435094066545256
updated_20260610_home__20260610_104537,0.18005135078898069,0.00471461177341958,0.009352535310418948,-0.01985517523093646,0.015515920553662545,0.9672322125881224,-0.10353415817745837,-0.11957499746099276,0.005374827582611127,0.08839779005524862,0.18058829438937637,0.18461772095955567,0.011768674712315456,0.02058993796067162,0.02255518869590928,0.991282292510925,0.9824422992579399,0.19245108936968136,0.15047979768295985,0.2988878179665067,0.001222370667858165,0.1788674416385211,0.1688354673340167,0.25344472966134746,0.14925742701510164
updated_20260610_home__20260610_110929,0.160560015325441,0.00646238368218682,0.014197385327509525,-0.0075052583516013035,0.013399835997764023,0.9539281513968542,-0.08286289129203395,-0.08674533775888893,0.006430048550436632,0.05714285714285714,0.16115511663019355,0.16240953952820106,0.01205053394727797,0.010558248269987304,0.02092602776953758,0.988723404468167,0.9811060263268756,0.15632088747197684,0.14990692682038495,0.15201856101569589,0.1435288327283807,0.08740837967373562,-0.008374645032887302,0.046162047105726224,0.006378094092004274
updated_20260610_home__20260610_131744,0.26480425489091874,0.01762534993079092,0.054834406910673636,-0.020151485571899795,0.02111911287021164,0.9886714543656219,-0.3032856997884328,-0.3100734715484482,0.013713022070271686,0.2184873949579832,0.2647602195816957,0.26677779722742173,0.016287556805092772,0.021486003002131243,0.02482448708249662,0.99741098473285,0.9945884207188168,0.2488928794634097,0.027330431698511688,0.33269530486652255,0.37840842429077426,0.21183407333422086,0.15176009809841112,0.4653902304723754,-0.3510779925922626
updated_20260610_home__20260610_133459,0.2485422578434947,0.00868228764359792,0.019435576412650982,0.04880474716239768,0.02054960418945893,0.986672531090401,-0.2930772720678416,-0.23906559406449546,0.01106038397617534,0.21774193548387097,0.2488906596430318,0.2504658846423698,0.01353194244904494,0.049676782270395396,0.023919978783033667,0.9970188701538449,0.9936683645524282,0.19221412868173696,0.2319191169959279,0.17609624537685353,0.22370677685844081,0.16777680243260615,0.08214161948260268,0.05544247930787583,0.008212340137487088
updated_20260610_home__20260610_142511,0.2106214791467552,0.005045958160746292,0.010136410724897777,0.0013900776900582451,0.016702981213410465,0.9864463616327649,-0.17120422911578714,-0.1696601400165706,0.005156105936915643,0.12021857923497267,0.21168921206281394,0.21556052634040088,0.014486867294715317,0.0072110577377689,0.024387130143215217,0.9928042740203006,0.9878278698683151,0.12587130826889142,0.07511132504845,0.14811292895432848,0.1283443482378355,0.13611798924803742,0.05659848312596864,0.10345022356588411,-0.05323302318938551
updated_20260610_home__20260610_151635,0.1597241614423278,0.004440099047694927,0.008657876845226488,-0.00236461215885574,0.013367258130862284,0.9576274899309652,-0.0885963034158056,-0.08923852237062857,0.00492951712720433,0.10176991150442478,0.16036588053864576,0.16405623924786605,0.011497796840332879,0.00901888775936471,0.020008408861328257,0.9895838710535394,0.9785535382502655,0.226125832645822,0.06243938304687244,0.1092216000275329,0.057877907176658805,0.12305699693462535,0.02462074429210562,0.16571294841313539,0.004561475870213612
updated_20260610_home__20260610_153802,0.13089707940555587,0.005497842407517097,0.010791614670090988,-0.017795835962182874,0.012740362657053247,0.9314201534089646,-0.04646726388341815,-0.06104889893500631,0.005800190449984544,0.05244755244755245,0.13175641330439233,0.13326242625509135,0.012595916362223259,0.0173372509942465,0.019771080573654683,0.9827049087026509,0.9665743684224625,0.2052708390248818,0.09525218200360339,0.14080238775751758,0.030224283027941768,0.060695197685235416,-0.024558004098803193,0.13246886718658327,0.06502789897566162
updated_20260610_home__20260610_164855,0.2730196993744522,0.005169044008897388,0.015601770181545916,-0.13052988235185428,0.01774153800278626,0.9888305047354584,-0.21326181850312753,-0.3326915191149128,0.0045802847252505614,0.20279720279720279,0.27388951960972485,0.27577296635237936,0.009437655721873443,0.1303046920499137,0.022122885164368587,0.9980416381478804,0.9955525892431591,0.4278947523575262,0.12584345973376,0.1986457076883452,-0.07829551095886439,0.1676548217879581,-0.014262055927697833,0.4741993216396683,0.20413897069262446
updated_20260610_home__20260610_171120,0.20988874594060816,0.004970567363932877,0.010280813663537506,0.03163381667869373,0.017578001898947638,0.9779644420104612,-0.20722755529548886,-0.17155905743921318,0.00449898019803975,0.19230769230769232,0.21102080270206955,0.21303173822969354,0.010556616270004347,0.03094414600528984,0.022884766692226593,0.9898953194110838,0.9803980377125312,0.22834330019223353,0.18381599801752635,0.08674187441023472,0.04485214315661318,0.16637446713338905,0.08250522031901619,0.17095922220453721,0.1389638548609132
updated_20260610_home__20260610_174255,0.18048188305704757,0.0069306283546301285,0.013997410448211308,-0.011828697193367788,0.015148206979531205,0.9683068050769522,-0.10595242854824893,-0.1141344442535216,0.006666028726068687,0.0855614973262032,0.18076507696283856,0.18225856086281952,0.012117746139666543,0.014238118583156063,0.02109079256467055,0.9940833269184883,0.9877699927092715,0.24517221575958412,0.19971490118070018,0.05847141743251641,0.028052985979919724,0.059831074282178744,-0.05197934734765005,0.19859376741934898,0.17166191520078047
updated_20260610_home__20260610_183250,0.17235929899522456,0.005173352231428013,0.01066642340366735,-0.1197789136591584,0.011883928781254894,0.9619729359457249,-0.03219706882851747,-0.13527978991044576,0.005204203851605677,0.09540636042402827,0.17290719885672842,0.17375413116561672,0.013099489899219299,0.11973180794332702,0.01970944808929905,0.9918423435078818,0.9843609389426001,0.23024078172239848,0.0382386169842466,0.14099979917508887,-0.004927946082652207,0.16180641140999935,0.0820091065306734,0.3105824115836356,0.043166563066898825
updated_20260612_home__20260612_080630,0.25594170147456663,0.00600379055391921,0.013570900595553242,-0.08497189519933117,0.020275195382713555,0.9867393252839001,-0.20231104750568207,-0.28154026012012845,0.005093403432513267,0.2619047619047619,0.25648086685558635,0.25922108159794127,0.009544462312788757,0.08500466225442913,0.02491946766498721,0.9975493848084351,0.9949606543607308,0.36911776762164494,0.15331929422484106,0.050655073548295314,0.00849946698443755,0.21440907814521643,0.08365508692005864,0.38442500367332205,0.1448198272404035
updated_20260612_home__20260612_082527,0.2622949878666859,0.005145489646697719,0.03312251053406738,0.0044296554560262665,0.01923936049894058,0.9881936946997907,-0.2965089551887973,-0.28721208367997175,0.00421436668697901,0.2542372881355932,0.26276569884607354,0.2650491185054795,0.00893413437160627,0.008445133333871594,0.0237702652706692,0.9975802338286563,0.9948354062700958,0.4375235293000828,0.1806392018483251,0.07916209566861832,-0.07814044233632214,0.16031273439999114,-0.06352739006648808,0.4107730522415369,0.2587796441846473
updated_20260612_home__20260612_090916,0.21950357449625282,0.0047411692177298055,0.009373692722920246,-0.09191442942432132,0.01686345438043741,0.9802949589500676,-0.12997776593755261,-0.209957400811022,0.004818622143239416,0.1346153846153846,0.2199601283906915,0.22202254306087282,0.010253414319569248,0.09153450508720798,0.022445298179596986,0.9971563788332427,0.9945359421980932,0.467732361729051,0.14800362045506985,0.12810171488766858,0.053057819364739106,0.15292721214188393,-0.06823054991735349,0.34667207700906005,0.0949458010903308
updated_20260612_home__20260612_091443,0.1965534864355022,0.007003608320478613,0.14793186893441293,-0.1416081331412608,0.012057096290916615,0.9889316863614057,-0.1373924285708883,-0.2527374896345831,0.04919691057164302,0.33766233766233766,0.19818622452013296,0.2043032756092209,0.05109641040245997,0.1424083174142744,0.020620993537353437,0.9925718729233118,0.9860810102846702,0.1373572840655588,0.07333359058546787,0.04348444055534282,0.005176076648415639,0.12971251519645907,0.08707580283498122,0.14118340428832585,0.06815751393705222
updated_20260612_home__20260612_094031,0.1803896894321067,0.005807755267214156,0.011532783379762379,-0.0027286855122182173,0.014328796775118304,0.9676982039775502,-0.12166816266897529,-0.11945448945523318,0.006264719972012202,0.12105263157894737,0.18085275902505377,0.18234226042417231,0.011543061686452031,0.006712040009741578,0.020263739081272096,0.9946835958108959,0.989444766733713,0.29186688709453584,-0.16374641472458112,0.03694779293754256,-0.020023868719988635,0.21935719281475818,-0.08566328061945826,0.27599820163495536,-0.14372254600459256
updated_20260612_home__20260612_103120,0.16163127486477544,0.004171756015356943,0.00837295539831227,-0.06583482905684326,0.012169537996047313,0.9502789728558503,-0.04259058262424675,-0.09585383812822723,0.004292844547729817,0.14625850340136054,0.1623398411758333,0.1634550534326758,0.012214142913451012,0.06569080696882865,0.02076597929976692,0.9914381387189879,0.9858029278237628,0.23182093062802897,0.08165532134018341,0.11794498549128844,-0.01329342173769558,0.22799031669113606,-0.14803934025970128,0.16565276418391708,0.09494874307787897
updated_20260612_home__20260612_105433,0.2842132913408759,0.006120597170869777,0.04714114533668958,-0.12342151244586272,0.02019055227723973,0.9902584549815654,-0.2818948129339546,-0.39874198615347956,0.004276911603412483,0.25217391304347825,0.28478544483005985,0.2883081443695905,0.008947013314937259,0.12364060560603204,0.024788553654716012,0.9984416596343781,0.9965751070205144,0.38680012490573074,0.201342009900154,0.059087823468792794,-0.046646006348290435,0.2872660144939408,0.09842083477675319,0.38376521489342325,0.24798801624844438
updated_20260612_home__20260612_112334,0.19814269988526714,0.003659264490062866,0.007503404566705516,-0.0035831030378615358,0.012864744301968123,0.9886598240217084,-0.14355868336396793,-0.14643724104719769,0.00460991988307379,0.11587982832618025,0.19906657237854816,0.20215446925103453,0.013628061540865802,0.0102396378554875,0.021884356783347502,0.992978535267745,0.9875033812711592,0.10365865646483655,0.0332524351747402,0.15698044549992485,0.0488912507921981,0.08803922190971174,0.06749069804697459,0.09754540993360561,-0.015638815617457922
updated_20260612_home__20260612_124344,0.27920876375398923,0.005237821884424362,0.02080104628476623,-0.19363015430889227,0.01666258221602444,0.9899032413396733,-0.20561852519895252,-0.38270355539916967,0.00413267425573743,0.2222222222222222,0.2799486195932965,0.28185360421893435,0.010323828343735254,0.1940344612181648,0.022915069277955304,0.9971486417446848,0.9953480833424043,0.28436916872156254,-0.01422218383851201,0.33334972527864887,0.011173113566378961,0.3472420763380785,0.15827319979433094,0.2581263518893114,-0.025395297404891073
updated_20260612_home__20260612_130526,0.2305976324535135,0.006502627257267198,0.01284131873682977,-0.02357275451842037,0.016231126585240552,0.9851805431045714,-0.21947716866116673,-0.22903944305020207,0.007487852153225465,0.20625,0.23126917370501254,0.23393687282280237,0.011636574713291662,0.024485709488956404,0.021542447081198075,0.9957558243708066,0.9923707587773994,0.3786122974687457,0.26361587716666496,0.14704809756246154,0.11772874322421303,0.2458523773618696,0.2789670911191243,0.34536574812219933,0.14588713394245187
updated_20260612_home__20260612_132710,0.18442829688359375,0.006688538427751902,0.01435590829305888,-0.007084713266531218,0.016013332848311235,0.9687495691637555,-0.12360796987442535,-0.12775629204831696,0.012937099705179264,0.12299465240641712,0.18606681261754204,0.18887173021871398,0.02019174064316708,0.007743965549020579,0.02238136593157019,0.9822585998942603,0.9599267984248814,0.20976120823546188,0.16401473669801303,0.08743274432230885,0.023559869168918467,0.2385857984655603,0.21970801529347958,0.19014091320568885,0.14045486752909456
updated_20260612_home__20260612_134855,0.15905371958437348,0.006284494286272246,0.012421670714913204,-0.030746727645708637,0.013810930694209429,0.9578030218423063,-0.07323088032492742,-0.09687986590091546,0.00650553615120585,0.07079646017699115,0.15984523711074833,0.16216264497479194,0.012337318446689945,0.03134235550570693,0.02104163640024543,0.9883874630530588,0.9790579868794146,0.3002488386371962,0.12228287531267702,0.15655188030271272,0.05649234834552,0.12780115840708278,0.09059821724725646,0.3773184169079083,0.06579052696715695
updated_20260612_home__20260612_143802,0.2798706381034632,0.012590138346043054,0.02698717433353132,-0.07228094410478163,0.020484580512758265,0.989977775301532,-0.2938658528317699,-0.3504825152114488,0.013799217168632489,0.23333333333333334,0.2807244199833252,0.2836215113795839,0.01647002769953199,0.0726851795038145,0.025256165355285604,0.9975116057905324,0.9952546600688249,0.27257449179833876,0.2745527903314608,0.4082568314209666,0.09263109229631553,0.32002429672085786,0.36110435649888034,0.35758101554705973,0.18192169803514524
updated_20260612_home__20260612_150041,0.26991910278652587,0.0058522830886556625,0.011536448104497445,-0.09623704956521657,0.019982078317220247,0.9885429428844477,-0.22677895679209126,-0.31506649205153703,0.006140822958106228,0.29365079365079366,0.2704462795719444,0.272883322076348,0.01112385984938208,0.09717316997487702,0.02501672652746296,0.9970546678694836,0.9947323887292462,0.35710726443221097,0.14906245996246364,0.20346751493596513,0.25778404690692025,0.31485855676139884,0.25180702423219364,0.25312821689863835,-0.10872158694445663
updated_20260612_home__20260612_152235,0.23059329549132546,0.0057051850891804735,0.011888824492949465,-0.026384738917192327,0.01839080635506752,0.9834284259031014,-0.1967723405085865,-0.216802004124102,0.007909630305627597,0.17391304347826086,0.23098648269629507,0.23317476100176746,0.01151455152196205,0.026738454889545064,0.023015481953488057,0.9960577751370814,0.9932214623153728,0.19768163013608744,0.1601992432094975,0.28025800037071386,0.16949114040628319,0.26861972244528576,0.20943834113472615,0.24268016412083818,-0.009291897196785618
updated_20260612_home__20260612_155813,0.19561781610848777,0.0036006193762256255,0.007089299144137825,0.003440375579740185,0.01288767339926263,0.9879412054916428,-0.14353786676849078,-0.14097019014603318,0.003972534320608397,0.10526315789473684,0.19629692775635357,0.19979890115061902,0.013467782738849488,0.009886034010572777,0.022031448080945405,0.9926512955878843,0.9870657489415777,0.10557110467038723,0.08339350320311835,0.09362054350222544,0.08658313905177284,0.14349086407733025,0.09894894188337099,0.07901799954820311,-0.0031896358486544893
updated_20260612_home__20260612_161743,0.2483204893889243,0.005177519812373647,0.011603647347952594,-0.08012125555845008,0.01398987364068568,0.9876326680282304,-0.2067485687186107,-0.2700685928488855,0.004626874514784408,0.20304568527918782,0.24919420293136946,0.25154844508705354,0.01081805320245668,0.0806385621254885,0.019618699732989436,0.9962649463107371,0.9934787459486023,0.31767789343773817,0.38417152254780734,0.24534738639997292,0.2502963162648642,0.34576760450276434,0.44004171492319777,0.30217596415013565,0.1338752062829432
updated_20260612_home__20260612_164251,0.2368357792470693,0.006443387255094108,0.012759373034912294,-0.20250237696679269,0.013037864662340545,0.9834922028827984,-0.08168474600750808,-0.2617368521222695,0.005608989945914928,0.1,0.23748095885336662,0.23967890858016747,0.01262661950929592,0.20289205797449444,0.02087676202250628,0.994489985987052,0.9905889968578578,0.2963609380296847,0.048986711682024335,0.26198936350609153,-0.010456948754475294,0.29636077418275447,0.3245470024870958,0.34099734162499246,0.05944366043649962
updated_20260613_home__20260613_080944,0.27553477387053527,0.008180844329265616,0.04014987508813929,-0.11671475673169153,0.019830047833695436,0.9897932296878189,-0.26840869691174873,-0.3772788183171091,0.005809432044023001,0.24369747899159663,0.27710784445593184,0.2789659312426229,0.011147327681436642,0.11703556544060181,0.02557042313496079,0.998315999344071,0.9970309359774265,0.5029431150835938,0.19287993515334656,0.2662713353413361,-0.11346123545077201,0.13083359781133444,-0.05416263655775278,0.4899374041859517,0.30634117060411853
updated_20260613_home__20260613_085407,0.24624650983337282,0.005363496456093916,0.011167257964749253,-0.1206115173415188,0.01625414531254725,0.9855286037920007,-0.15918293734868993,-0.2640934488473987,0.005449537947736617,0.16149068322981366,0.24692976642949885,0.24864080286133747,0.012141025957344346,0.12076884036492049,0.024179891862713514,0.9973934745680394,0.9952673300793943,0.4182031106670343,0.250801315673413,0.15739126983594517,-0.01997185018764976,0.1569491862677933,-0.04605467154627007,0.4629531950586941,0.2707731658610628
updated_20260613_home__20260613_090136,0.20792050233037027,0.004249150383823632,0.0090373073186734,-0.03869587747047062,0.012651182030090163,0.9895760815582196,-0.13771765601328145,-0.1706193826004454,0.005066410281705659,0.10822510822510822,0.20893788555727597,0.21160150444593737,0.018213767832011108,0.03892186061185872,0.025746919492047816,0.9908993586543462,0.9820372866784901,0.1335578809531618,-0.02846020145514899,0.21994981277276676,-0.025514319167510378,0.1304972779312056,0.07149386443843408,0.3128426907884316,-0.0029458822876385843
updated_20260613_home__20260613_092646,0.19023554381606375,0.004363875401719577,0.008532956427103637,-0.06743680841193708,0.014464628497331567,0.9721119918837797,-0.09570596506119333,-0.1535415447477123,0.004595113604968888,0.09473684210526316,0.19084914255117097,0.19305311328841163,0.012321167594050605,0.06751209352157637,0.022498335408405696,0.9951013260107479,0.990902864667194,0.265064212860774,0.07425690726520938,0.07717008785665465,-0.023068267686568472,0.23096302225823528,0.1831492704817167,0.31902054767395416,0.09732517495177785
updated_20260613_home__20260613_102710,0.16122232290645794,0.006661729736446489,0.012658967054573344,-0.015349466186270056,0.012136224245407567,0.9572952349575281,-0.09022616390408056,-0.1000339233448243,0.006002690861952931,0.09565217391304348,0.16182566564525339,0.16315398548733331,0.014084910322931538,0.015232553230302759,0.022099265515786063,0.990884340994134,0.9814964976703366,0.24410378218166473,0.042833479776072346,0.13448147740249328,0.06135395860822692,0.06732482215583861,0.028240555119289124,0.202812591862263,-0.018520478832154585
updated_20260613_home__20260613_105317,0.1395014113984381,0.005770075584513575,0.012670941021381766,-0.07234470838379538,0.01066209186651134,0.9291797143913014,-0.005531405128823996,-0.06699063133949645,0.005374380580519817,0.07973421926910298,0.14022955971837398,0.1407751394793188,0.016080969820366234,0.07208152737597869,0.023650257670251824,0.9836166025461879,0.9681130753578144,0.2661091801095914,0.011475117864042024,0.07883167673780127,0.014718386393124701,0.06335748747933717,-0.036217122602958673,0.20386743421680567,-0.0032432685290826753
updated_20260613_home__20260613_111857,0.28785443442272235,0.009284843142554199,0.01937242837011067,-0.13993688066038978,0.020938254629565823,0.98970765086472,-0.2653690459071639,-0.38960715487805686,0.013535437397475286,0.23529411764705882,0.28808050317147404,0.2893423372949993,0.016976304043589786,0.1400181262894471,0.026553775610135878,0.9983562135211272,0.9968357854821418,0.22404371101737122,0.15906052124219155,0.192779680500723,-0.08041049805059902,0.2824453735017334,0.3321332673556026,0.27684376113891396,0.23947101929279058
updated_20260613_home__20260613_115341,0.2833250662529974,0.010864043661045817,0.03258456594259823,-0.13054879144872922,0.01875843859478971,0.9900839322665049,-0.26390938322194724,-0.3784413466369023,0.01047303546523484,0.2283464566929134,0.2851692425449423,0.2867286525754518,0.01419124306668337,0.1312010089665742,0.02438745764266236,0.998549284828395,0.9970330511466806,0.3952654102177165,0.1324604878181907,0.21177047827918813,-0.03789133257844505,0.26793039728701806,0.3023052054538187,0.2751197819595047,0.17035182039663574
updated_20260613_home__20260613_124351,0.27250321099175573,0.005753753877371959,0.023684055268937944,-0.18079066074776945,0.017136725317839524,0.9892390377249972,-0.20827383694089785,-0.37558808241932196,0.004313966035432647,0.21428571428571427,0.27374415134170726,0.27543521499997764,0.011741031172115966,0.18140170033734923,0.024127832381809402,0.9979493485169852,0.9961609880818247,0.3712935484964598,-0.0596881381723202,0.17021646843596053,-0.01402908409797758,0.3796225459944017,0.150910838458254,0.2823240222027612,-0.04565905407434259
updated_20260613_home__20260613_125939,0.23853095923130221,0.005743981334902555,0.011731626629047757,-0.09874877184676449,0.016097344018272966,0.9844394100861493,-0.16818410223470692,-0.25361015972720324,0.005639625406735389,0.16455696202531644,0.2392399932501946,0.24015644121820734,0.012760219320873806,0.09893322821650341,0.023883566305014658,0.997026720629172,0.9942749020134176,0.5700723777002338,0.11319286512791595,0.22093569047745595,-0.07388584157658047,0.23894765699763637,-0.013603727503912776,0.5311159277951794,0.1870787067044965
updated_20260613_home__20260613_131135,0.21857594623565244,0.003173239391187797,0.00655246590927888,-0.08317292137984258,0.011989561293842044,0.9906335842550849,-0.13319912561019442,-0.20620193283520605,0.003462727673188622,0.11504424778761062,0.21970638686577687,0.22221557737621467,0.017470203009651568,0.08329978430587176,0.025176914132451718,0.9910633540278997,0.981163478524994,0.20343671018544815,-0.08808712695005333,0.23383678561888305,-0.14534231985775878,0.10327258102728844,0.07220975249577342,0.17646869378073182,0.05725519290770544
updated_20260613_home__20260613_133232,0.24500595608232134,0.005528895259001263,0.011112547057759352,-0.20897880351691397,0.013453984202244331,0.9850102667793549,-0.10362084243149594,-0.2871559487086369,0.004866573605115213,0.15920398009950248,0.24559031387512215,0.24765670961518413,0.013023681680217655,0.20913050846676934,0.022152071658609752,0.996762508549532,0.9935080351056419,0.45155575169244294,0.046402457593064494,0.19274447011867435,0.061507730940235435,0.27701037608909423,0.23338282979304914,0.4509462914462443,-0.01510527334717094
updated_20260613_home__20260613_140329,0.15599431355537274,0.003754546390242297,0.00775575271369875,-0.1184835115099998,0.012968664286772794,0.943451770517846,0.018473599668215268,-0.08681852440621218,0.003406328651571758,0.10483870967741936,0.15674904913769477,0.1584909274567481,0.015442426583280464,0.11842401255170776,0.025897322462072492,0.9873234410227496,0.9729291510442618,0.23707969180387253,-0.01141471764117491,0.11083834941117565,-0.014809754700232283,0.1328691385718601,0.07016727682330927,0.1879729076959866,0.0033950370590573615
updated_20260613_home__20260613_142315,0.17756899025322131,0.003809354313054097,0.0074859575113452636,-0.12043203125213267,0.010282310117133217,0.9650580482415856,-0.038500718746471874,-0.1418785842009962,0.0037861566362575295,0.0625,0.17818433098289493,0.17956387166679588,0.015099113318201218,0.1206062379713897,0.0223721179310487,0.9907265094884428,0.981267777064369,0.28414008093211945,0.019401278893222997,0.2633551674858936,-0.11337086011752838,0.22266708287428155,-0.08861210078051086,0.3674522872637909,0.13277213901075138
updated_20260613_home__20260613_144932,0.3157753522800849,0.008474648830877288,0.062336936651924586,-0.28295932088504494,0.020060019051481404,0.9922375067594043,-0.2486891955919105,-0.5188866579547373,0.01276217949271269,0.264,0.31647999762829687,0.3183380338396444,0.01580152408997357,0.2833504600113208,0.025140567547994864,0.9988151822428705,0.9977266969989256,0.49193594196298207,0.00044621285654578225,0.16598812201131272,-0.18282365887862265,0.3570804881388767,0.4577816723723482,0.4556969230054342,0.1832698717351684
updated_20260613_home__20260613_150948,0.24364876128193894,0.009498487138261109,0.019464668950120143,-0.031926116630760566,0.01967460517271842,0.9857181208808015,-0.2450628640464173,-0.2623626509985856,0.010340492695817367,0.2283464566929134,0.24421086095449812,0.24582185606107068,0.014460337449219315,0.03214922192221893,0.02577070642988804,0.99756040544305,0.994936760650014,0.29795239899718173,-0.05982302959013063,0.18719978661454645,-0.08254175763625117,0.07835333216964402,0.08596956250698991,0.1359205035742398,0.02271872804612047
updated_20260613_home__20260613_153216,0.2496140289099638,0.006560467587825932,0.023822373232693667,-0.11946413112490853,0.018223644955577246,0.9866002759514712,-0.193595915987669,-0.29714130059484434,0.005717457861296353,0.22377622377622378,0.2505869981801948,0.25164450759355533,0.012274223515014275,0.1199047788930708,0.024820064278705353,0.9976826869261222,0.9953848173248354,0.4182376417027818,-0.08870844035099784,0.17004229852715755,-0.017030096270209915,0.21118717119480387,0.06598560914388155,0.36176085802357877,-0.07167834408078783
updated_20260613_home__20260613_155444,0.22677264122358484,0.004654253591054734,0.009225003041092288,-0.07076387332615022,0.01531049433158375,0.9821462933587102,-0.15928135467765736,-0.21972075387304213,0.003740495267587889,0.16560509554140126,0.22743428395122217,0.22926849393323875,0.01117897820000908,0.07086482671689552,0.02347336889044674,0.996619437526534,0.9931905579761997,0.2897100406232111,-0.1002051259379004,0.26029743808074657,-0.10759043633783309,0.16947981549607105,0.16886988281475607,0.15442677838574695,0.0073853103999327015
updated_20260613_home__20260613_160152,0.19498983834309866,0.003469559666102879,0.007293048287988973,-0.052207826410431965,0.011455765473304413,0.9880265372501288,-0.1160750931255643,-0.16151592182026742,0.003698985347659378,0.10084033613445378,0.19614113353423615,0.19947050224311028,0.017508212052224754,0.052497554473106445,0.02509824875734452,0.9890042908207441,0.9778084426556606,0.18793862960447677,0.03170202661180865,0.12106271953239557,0.006519080366702021,0.17428928178430161,0.11539440884656366,0.26226420892314933,0.02518294624510661
updated_20260613_home__20260613_163055,0.2554776371219401,0.0056355863170344436,0.011596326054875027,-0.26540979179070373,0.013737970222605448,0.9863886736154328,-0.08268762870727142,-0.31887191562307604,0.005270603691076684,0.1256544502617801,0.2559063949829051,0.257404233168214,0.012819187084380937,0.26553419142880885,0.02273042617669613,0.9970338319464431,0.9936848747549633,0.30092445202684187,0.04410788308347919,0.2794697004303595,0.030341325501186015,0.2951081303897067,0.2875689041668741,0.30630877282860736,0.013766557582293197
updated_20260613_home__20260613_165521,0.21582800089822765,0.006827321481440378,0.01383947391851398,-0.17285546896417703,0.013013848573132952,0.9761548663141254,-0.04943177379971497,-0.19866867589310244,0.006083701611138446,0.12162162162162163,0.21612520802268906,0.2172065686005126,0.014318482921509806,0.1729756716943014,0.023692176372492595,0.994978304096245,0.9903066673718608,0.4058039735249512,-0.003946330489934273,0.2112842681730848,-0.05086775900398411,0.20958163958988874,0.10623547216734994,0.2368871708936557,0.046921428514049755
updated_20260613_home__20260613_172018,0.20371122936930838,0.004035989561549528,0.008339334147548012,-0.16429864339637384,0.01206068371684585,0.9709866992813345,-0.03764477698156399,-0.17666990239296265,0.004067740709189379,0.16831683168316833,0.20455964848800207,0.20636296415785943,0.015483714123079573,0.16447162465974371,0.024748004645241482,0.9919482856341404,0.9832783628921015,0.3435703419748237,-0.18133883861366934,0.20939743980876332,-0.08383852152026668,0.2085298261279078,-0.0689486181446442,0.24066498970103503,-0.09750031709340272
updated_20260613_home__20260613_175512,0.28828106997596864,0.006500369405427344,0.018355898521172774,-0.12458615185656433,0.019724817770879886,0.9903385328260405,-0.27197124110386717,-0.38882433048818354,0.005721338545302191,0.232,0.28925337473849894,0.2904537693976384,0.01250909572009729,0.12498198786689878,0.026779003441978245,0.9981511655753345,0.9966466632187201,0.5598265464093614,-0.017018423545244684,0.29672568455363657,-0.1162176035398697,0.2788299524324766,-0.17231215017506135,0.5515577633663649,0.09919917999462512
updated_20260613_home__20260613_183906,0.21538439563335682,0.0045600045763853955,0.00918125452972234,-0.07423770182259631,0.018485761170705797,0.9759546583328647,-0.08681814908109975,-0.15951821715229664,0.004797814843769815,0.19745222929936307,0.2154708266258699,0.21682545265242245,0.012746627247938177,0.07406887402693532,0.02660629737315399,0.995972378765958,0.9927892531309036,0.3190958533430173,-0.11143603143242735,0.05819611198254907,-0.03241201827177865,0.30310633572034873,-0.18881066030720386,0.2689534307882705,-0.07902401316064876
updated_20260613_home__20260613_185023,0.18949354924287826,0.003761849095554557,0.0074188449249547725,-0.02189316410544032,0.012054782774761115,0.9870856669590133,-0.1253270239513382,-0.1445176340115225,0.003809888221272555,0.09787234042553192,0.19082187336591921,0.19236367041506866,0.019771182514374343,0.022421866604209462,0.0277685525420376,0.9860502992412782,0.9721884953801174,0.20681693644515334,-0.010993972678463108,0.15301009349252256,-0.011041902867053121,0.03863530696941953,0.03296301535010164,0.06989658129625825,4.79301885900124e-05
updated_20260613_home__20260613_191132,0.1734591987403934,0.0034394345793589006,0.006791177005103045,-0.028256819856364565,0.01396572366791198,0.9630126146060045,-0.09144748157989668,-0.11702790527939821,0.0037502578632329733,0.08421052631578947,0.17413230244260824,0.17684902029282493,0.013066563567138909,0.027977094569194238,0.02432197802363435,0.9922979951594442,0.9864505676039339,0.16725240066348177,0.03262974689563473,0.18486581527037962,0.008013960951348603,0.1359161864414396,0.09664394399115708,0.1092191627986533,0.024615785944286143
updated_20260613_home__20260613_193810,0.16337932884531398,0.004381554359994374,0.008550493710763439,-0.05485559536391894,0.013782047311712103,0.9526294167763935,-0.04391316377256671,-0.08811088613717244,0.004069506450491878,0.19327731092436976,0.16423124146795437,0.1655759265277184,0.015380036284588982,0.05494378212954422,0.025065083546280852,0.9884301374867313,0.9809938725973537,0.08883461827558281,-0.019381894799841023,0.1942618006016405,0.0282292537506333,0.1727888363039841,0.10124399455871062,0.13887806875187025,-0.04761114855047431
updated_20260613_home__20260613_200311,0.19109613514661683,0.003660624046302187,0.007016842474555027,-0.13428066454356818,0.009816807241948892,0.9703977911969813,-0.04637896174659362,-0.1621965999645385,0.00372661580075061,0.09446254071661238,0.1921492825401269,0.19352424589931044,0.017171243935535284,0.13461657311137654,0.02441850455861127,0.9895131612013074,0.9818207915322639,0.44578030117900524,0.04611595236983417,0.3294432422149382,0.011838005372836575,0.1593975403330486,-0.004710703878433643,0.428302601967696,0.034277946996997585
updated_20260614_home__20260614_074215,0.2553375729107538,0.008748732035964614,0.04788501144779883,0.010894389353014693,0.021059383319734323,0.987288063043571,-0.2976655252197291,-0.2809770154678225,0.0069415019162774256,0.2413793103448276,0.25682203017669913,0.2594863404836272,0.013003514076567283,0.010832319992732565,0.02749907326311663,0.9973501526285616,0.9956221030306999,0.34040384538841395,-0.1626448876117933,0.06735166908142108,-0.004611663085095689,0.12543816771538785,0.07059003703735123,0.3927137781415469,-0.15803322452669763
updated_20260614_home__20260614_081037,0.19995815939554223,0.003756934312578836,0.007570929649399191,-0.058532656498480815,0.01243996284624565,0.9886113229502779,-0.11903113418998645,-0.17033566707868342,0.004257581337027181,0.1,0.20143366633991686,0.20579330198960788,0.019084473261665725,0.05880577785068557,0.02710007101780525,0.9862753310160436,0.9739041478169811,0.18022542781257886,-0.022838876885420484,0.16518697011192995,-0.03852710699608935,0.1134968079434186,0.09126691076162691,0.11196622788598344,0.015688230110668843
updated_20260614_home__20260614_104000,0.30299122813528634,0.010256506678379889,0.10391089895034245,-0.1568549691543968,0.018880693488843858,0.9921478803809484,-0.3054691250598913,-0.4459445836446806,0.00703343389982421,0.3282442748091603,0.3046208653509058,0.30634829917726747,0.0126977374874617,0.15750576820980106,0.02482970932449349,0.997566646834595,0.9960328979509887,0.5540643019476379,0.6186969377552155,0.17487347599033395,-0.054781735879136415,0.4494378047925134,0.22737955279896227,0.5548353303008235,0.673478673634352
updated_20260614_home__20260614_112510,0.24189262790677923,0.005566239134170872,0.016931458862228008,-0.051523435097174525,0.016808846106082118,0.9858272818112617,-0.21122950421432118,-0.250425660495439,0.00499046351904545,0.21656050955414013,0.24323064222367258,0.24381649016828788,0.013733561129831762,0.051294016509271165,0.024905048013262664,0.995008305735493,0.9916027322145133,0.41443067322590155,0.022409807578502344,0.2129901135168587,-0.110236887877488,0.36508807876330496,0.15019656959176056,0.42488069829622094,0.1326466954559904
updated_20260614_home__20260614_114805,0.19429161186269628,0.004465477662711194,0.009257023892286982,0.009786627608966845,0.015020772783594106,0.9753745987033348,-0.15172522024632495,-0.13887515147730356,0.0050336800473387245,0.1518324607329843,0.19528796239242113,0.19672882772834835,0.01359423462479302,0.017503834929149302,0.0233593367066215,0.9917780157858045,0.985516068402254,0.2959200474177848,0.20752392293077754,0.1167149938052868,-0.058838625217937014,0.25149042072607924,0.2541131062565089,0.3550259968770701,0.2663625481487146
updated_20260614_home__20260614_120820,0.19416964056406114,0.0039485126680496,0.007787251141293623,-0.08817644864180246,0.013480118664372773,0.9723439179705083,-0.08693678822355644,-0.16210236387108767,0.004537020934387059,0.1277533039647577,0.1953488708439178,0.19724212329163238,0.014484104739866405,0.08880343061116185,0.023265432884170323,0.9890561794145551,0.9822179798287486,0.332792924275026,0.21835466499608433,0.20455765648436655,0.08125623739257355,0.2580629566462436,0.2689970056381671,0.3707457673612748,0.13709842760351082
updated_20260614_home__20260614_122724,0.15587048950030352,0.004941792787488184,0.009829992505494555,-0.04128049959410045,0.01432359560354259,0.9480143875579635,-0.060543664388784,-0.09082769546842362,0.005128542924750284,0.14285714285714285,0.15731491907977946,0.1593274144604482,0.015616274515147665,0.041511970061409456,0.02433848278127121,0.9817992479179889,0.9709097770050038,0.3445105368017372,0.21530641056390576,0.2318731636736072,0.03369272487449097,0.19579212333432627,0.0027671354810807004,0.3589607661623347,0.1816136856894148
updated_20260614_home__20260614_125733,0.2977449381500769,0.0072933953716012145,0.09006268734442531,-0.12190074082055935,0.020368974246757744,0.9917739032981963,-0.3112046455053141,-0.42297673448760886,0.006118470435153379,0.2661290322580645,0.2995409563466508,0.30134701957880305,0.012616819127025322,0.12297704865113868,0.0255210119036391,0.9969464575762975,0.9945548490686363,0.4829878186726235,0.30847786909708613,0.34581863674957475,-0.1576335157486441,0.3706938621039769,0.24897127857047993,0.5086947885712785,0.4661113848457301
updated_20260614_home__20260614_132044,0.2732928533787556,0.006826900707437616,0.016454106165257696,-0.062722272977961,0.02068106871801261,0.9889858400940796,-0.2624172585039867,-0.3178201936725066,0.005948004452082792,0.25396825396825395,0.27413274411461935,0.2763638086046146,0.01259311787992178,0.06373833849951736,0.026834989136346854,0.9964311059631757,0.9941425389294949,0.23063384744308552,0.23820670007295586,0.2399858216693764,0.20240122560156554,0.33472066520003646,0.4491936781905393,0.16027569597573907,0.035805474471390285
updated_20260614_home__20260614_134301,0.23979686678378945,0.009771050685701827,0.020000724402701075,-0.07518434792966397,0.01827900531440753,0.9850689975384233,-0.20117356120044771,-0.26145718362644,0.007511984556829116,0.19148936170212766,0.2405134052288655,0.2430335804615755,0.014442452936274275,0.07553934358269909,0.025964437245468257,0.9965105549910671,0.9942723365894354,0.14923177464021561,-0.049603355828728,0.08388164711280145,0.016913742881717004,0.2700466809419935,0.2597543701732352,0.19184050551378296,-0.06651709871044503
updated_20260614_home__20260614_140554,0.22632726311027537,0.004821648907533686,0.010420099371440332,-0.05545873697769101,0.01618014706848433,0.982102390712765,-0.17100812644807517,-0.2187770505135831,0.00499967507339318,0.17419354838709677,0.22720156534760835,0.22879441320580832,0.013859513070078119,0.0557677934203389,0.025336005319196397,0.9958533873875661,0.9934231674096284,0.23030744012434298,-0.17994030733933597,0.12131857195335308,-0.10696500279311418,0.20776662215571476,0.17723637646839566,0.1277536495415887,-0.07297530454622181
updated_20260614_home__20260614_141152,0.18468877355767005,0.004138795983581607,0.007548637027436488,-0.038577131449286164,0.01244410618030921,0.9862987808880717,-0.10730065933399402,-0.14113143778653714,0.004426551637181149,0.08870967741935484,0.1860848630709307,0.18902740585840655,0.018709030952678424,0.03892720729563119,0.027163174979041804,0.9856232617952646,0.9734887131289518,0.21476289208702704,-0.11317985776212164,0.18757848786040437,-0.0950804064145669,0.0461519516476684,0.014063679464635822,0.13174087172949536,-0.018099451347554734
updated_20260614_home__20260614_143655,0.1982562646566716,0.004456860620838871,0.0088841955927941,-0.03110348978925552,0.01382396670908928,0.9756805289293052,-0.13092361398862662,-0.15567738570769984,0.0042828358069533275,0.13089005235602094,0.19906958976663108,0.19996731591440584,0.013382560004422289,0.030891142393520598,0.023518901113927584,0.9945721163611456,0.9919685246309927,0.1190583619098215,-0.06002823111350695,0.2402930250632323,-0.017770927682505485,0.19791777902215466,-0.0054179870156552705,0.30809849978019255,-0.04225730343100153
updated_20260614_home__20260614_150839,0.17383472188323437,0.004350120580950361,0.009460058142032182,-0.07727551423460959,0.012880489252340473,0.9623083735888015,-0.061726531593691014,-0.12775565139290646,0.004766592091098103,0.0593607305936073,0.17448720561593553,0.1759174790110786,0.015070749850690093,0.07726323881928288,0.024925447326042884,0.9900350086069052,0.9837302180412483,0.21944685741245815,0.06831344596423992,0.11139711466374785,0.03296255977116617,0.2292559547839468,0.03995580884259633,0.15648717448729021,0.035350886193073756
updated_20260614_home__20260614_152508,0.15024356123090563,0.0036421413194102554,0.007262954859338191,-0.03869364019687348,0.01109955500697157,0.9518418592448395,-0.05339282161324399,-0.08598632095120573,0.00413213684753338,0.052083333333333336,0.15128757997383951,0.15167053306429654,0.01618578862455448,0.038773528985594566,0.02475514492150474,0.9848611546091395,0.9765265643792432,0.16343237717496886,-0.04799673714465894,0.25184444424054003,-0.08473656603364983,0.14914004388542157,-0.0210259726023619,0.2598111352905979,0.0367398288889909
updated_20260614_home__20260614_160338,0.2623051868395616,0.011870213280343768,0.0238220225860599,-0.012599646956513326,0.02198444325718925,0.987608157485499,-0.284612218682883,-0.28516615366944387,0.013889260350362255,0.20833333333333334,0.2633036591480761,0.2680873357806058,0.021043273307358404,0.012555287474106409,0.03110147918798605,0.9945976932051389,0.9877363302310062,0.26757511717122184,0.05557188752761235,0.14135866114155424,0.01116745546429578,0.22186815872036175,0.16448361263698563,0.1714239290549531,0.04440443206331654
updated_20260614_home__20260614_162605,0.2562346362559513,0.011634884171401622,0.020698230400194174,-0.02377096437911001,0.020284226833762294,0.9868126586735351,-0.2702667677816115,-0.2810828298981388,0.011332931682406427,0.208,0.25705695767851366,0.2596962838994292,0.018660802798125674,0.023851651380829154,0.03044340637940158,0.9944079312879188,0.9876294642101628,0.2891960621889905,-0.056744648994191314,0.08892655888985941,0.00396704333535637,0.23553187484685695,0.09003525707683423,0.22993541570959658,-0.06071169232954765
updated_20260614_home__20260614_164616,0.2425831990743034,0.011978724634182786,0.02489921965905468,-0.016753791603986948,0.019163641544815823,0.9852456023339958,-0.24077262208084194,-0.24461069905200605,0.009943792404133326,0.1956521739130435,0.2438093556226252,0.24795071266518892,0.020086952309771693,0.016968225138984237,0.030023351434138056,0.9928147750028702,0.9831939732785571,0.32512428348693073,0.004273172631245987,0.17022816605596952,0.04587882437984879,0.1644266893693683,0.048455998882845526,0.1830338348154482,-0.04160565174860275
updated_20260614_home__20260614_170947,0.23577012936769376,0.004512718876810953,0.010227094728223179,-0.061360316307880955,0.016489275481716564,0.9848071264328101,-0.19677327368208997,-0.24552870808192362,0.004189372515679567,0.21153846153846154,0.23765226098763453,0.24120281549801115,0.017850769920312124,0.06167017413707855,0.028283587179141777,0.991636887044576,0.9818246818607603,0.2754006981212506,-0.05133043145587461,0.2096011523904059,-0.06869497048923029,0.2653275980599598,0.2517762979741638,0.13266889087300093,0.01736453903335566
updated_20260614_home__20260614_172958,0.20143342350349533,0.004733636570176106,0.009487856815776921,-0.05019126335610804,0.013283066568890143,0.9885999911906062,-0.12370149237893313,-0.1674359037189619,0.004976336124382148,0.10126582278481013,0.20346274252741564,0.20937824690277915,0.025130820574619257,0.0501978352264076,0.03139168612270999,0.979707335990644,0.9573450038919521,0.09684256587295555,-0.07113635946030071,0.08661232582932256,-0.02941411641006661,0.16834438694677106,0.08462122171650123,0.08833455840600862,-0.04172224305023411
updated_20260614_home__20260614_174251,0.1981869757726504,0.007194939685224389,0.014592838947731978,-0.0644037603420245,0.01405193484019413,0.975470692085793,-0.12506649030946881,-0.17437361700669674,0.006567026546973703,0.15104166666666666,0.19993446125796588,0.2047973735924246,0.01992124365397461,0.06454459375887642,0.028142810445803502,0.9856670312203363,0.9662857360184864,0.4393466376496098,-0.2211083174179053,0.08041394021961347,0.00032053480320923207,0.24119810780931733,-0.03450509592154621,0.421346216276704,-0.22142885222111455
updated_20260614_home__20260614_180540,0.1840497321983693,0.004969202241857138,0.009458993062458914,-0.0680957373885895,0.013614559982810064,0.9675195952653021,-0.07202052995274333,-0.13102390025984578,0.004760522155861759,0.06578947368421052,0.18557924693880493,0.1889295841692845,0.02203803963615057,0.06795283358653575,0.031081895613104128,0.9809179053436765,0.9582249992750014,0.2706438284322981,1.7401439752008664e-05,0.24783638723200332,-0.03047510189253889,0.2109155698897151,-0.024414101513558807,0.21049911939305466,0.030492503332290914
updated_20260614_home__20260614_183026,0.13148844380817987,0.006155961542773361,0.012959044708084896,-0.07058341960386162,0.012204041463348192,0.9157550707666344,-0.0013329073644144929,-0.0621884084847566,0.005993400476479559,0.09731543624161074,0.13374556912050733,0.1380763704048205,0.02461273169414831,0.0703398036502989,0.031600435350479295,0.955114707218962,0.8981796052879624,0.21522338631693574,-0.01767671931143518,0.1151874356312581,-0.003802734982382466,0.1258752558263308,0.058050520919512495,0.11578205168784135,-0.013873984329052727
updated_20260614_home__20260614_185836,0.23152149218012433,0.007085138765351763,0.015195151974994967,0.08142756208133416,0.02171192768485035,0.9846800506804031,-0.27888657950608176,-0.2026580161364986,0.008012316989825857,0.20869565217391303,0.23316095658050479,0.23767411711897882,0.01932444709858313,0.08170065247138728,0.0315148947424979,0.991807102626851,0.9814554019172602,0.0798911739534688,-0.10148613959172421,0.046923604219608846,-0.06888873894134513,0.04463690895308339,0.039666404100614956,0.053479443065531304,-0.032597400650379076
updated_20260614_home__20260614_191724,0.25807556042771196,0.00817105608849903,0.01940588948570477,0.0050173629736905935,0.020718744964978802,0.9873657734162039,-0.28404538532678003,-0.2747373376500456,0.007888830834693713,0.22580645161290322,0.2599187027237562,0.26216461314023615,0.01858277408338258,0.011111944283829469,0.030742141073654583,0.9938360952195401,0.9858648723189918,0.20583238844605425,-0.018991474340053046,0.33977307584580213,-0.10668766926005052,0.16694540062016297,0.1561616330808873,0.25422865130005534,0.0876961949199975
updated_20260614_home__20260614_202100,0.19512588151590451,0.007787884435669082,0.015436104534649296,-0.03412370133388728,0.01582470690729521,0.973449321178415,-0.11792276271908742,-0.14435566466907612,0.007278890821669849,0.1092896174863388,0.19637155915623453,0.19979067271361708,0.018708013382302307,0.03424619576117502,0.028556002063644375,0.9879312214040109,0.9733458133824043,0.32916603060530064,0.004309050728931393,0.1574821964635431,-0.051437836150918535,0.1767350231314019,-0.0735428107937433,0.2091453499196914,0.05574688687984997
updated_20260614_home__20260614_204622,0.1568978658999908,0.0046398106831784134,0.009436661580566587,-0.033809132232256574,0.014532136563785235,0.9504757249995792,-0.04638557197156856,-0.07565488745392734,0.005070317659481743,0.1752136752136752,0.15858787697770937,0.16233119287375358,0.022893786458988218,0.03341955865972436,0.030356304163546073,0.9734264357326259,0.9448501127761636,0.2234391675260699,0.03253549078580244,0.1024578986399492,0.007108632228044825,0.049714670773328154,0.01607586412121944,0.12551716841282337,0.025426858557757597
updated_20260614_home__20260614_211209,0.11871883081995722,0.004297881881817097,0.00884331834490227,-0.011851713573881142,0.011935055026262584,0.9076124957377564,-0.044609815460896485,-0.05405482906461989,0.004680421285928802,0.058823529411764705,0.12136908578685882,0.12502810236643017,0.022781716581798166,0.011757988845891925,0.03067708052419508,0.9511343252484403,0.895258723935792,0.20746826961018924,0.010451077676142595,0.09444735683674192,-0.004640021131916153,0.07681998381034096,-0.012733968665832174,0.11865832804511148,0.015091098808058746
updated_20260614_home__20260614_211852,0.2060888712937369,0.003988232520726199,0.008363351436600377,-0.025577775742154495,0.014127747620378592,0.9891724432210263,-0.14365055834867724,-0.16575578538290558,0.005271393813881129,0.11061946902654868,0.20834683083399938,0.21478903994441753,0.02557624472824943,0.02564797552952407,0.03168386941691498,0.9791425622481384,0.9595673140335554,0.2673022376262621,0.06918666313796315,0.07356687168749797,-0.0008201421438848505,0.19560703388653516,-0.05419360159388137,0.27628706545998805,0.07000680528184795
updated_20260615_home__20260615_082503,0.2589167817478851,0.01055029258172342,0.019800490246641343,0.025790356250452093,0.021547970208630533,0.987522878334561,-0.2908500316965623,-0.25705725542474567,0.012972181449263777,0.21138211382113822,0.25988793245729835,0.26265075031103247,0.02050051217907976,0.024226411968197036,0.030153539934318067,0.9941453191660908,0.9901302950980696,0.20030332740104562,0.1275379432139985,0.20807753161235065,0.14613589771884977,0.2708990423439842,0.005336574795318022,0.06158852079422102,-0.01859795450485125
updated_20260615_home__20260615_084347,0.2198601026477009,0.009763706093320931,0.02029225642260956,-0.016918201804076386,0.01884226613822317,0.9814512209271895,-0.19889401386128025,-0.2084166450747883,0.008377356757765866,0.16546762589928057,0.22092134022524162,0.224114436679451,0.0180630097874494,0.017936492825686757,0.029800816852146462,0.9909845259877009,0.9824636612935398,0.16101426286022755,0.1219153489465545,0.22383658824880978,0.0967562538540489,0.15040843018043343,0.10018508206243762,0.16595747038486222,0.025159095092505628
updated_20260615_home__20260615_090717,0.22384574373612037,0.007870766603103454,0.018810181245163704,-0.011380550848719721,0.01750419384234587,0.9837544838323947,-0.213751997026571,-0.2194645009679359,0.00645238368692109,0.2088607594936709,0.22615878218315005,0.22961692920253776,0.01872784412209198,0.013444406268990471,0.02877153034699011,0.9904671018731337,0.9832896726548758,0.1879060227867683,0.015280215146896502,0.2651464829444573,0.08617218367039312,0.3020426337103285,0.14499424819583848,0.3188956730963404,-0.07089196852349662
updated_20260615_home__20260615_091320,0.20947055342647616,0.005467760851227541,0.011172574697003319,-0.01691455572399626,0.015480342880636003,0.9889090750024643,-0.1462829857591188,-0.16077674791280772,0.007074924352226459,0.104,0.21186123109991856,0.21611095096737093,0.026757658088398632,0.017223619554952312,0.031076659670150535,0.978502683836429,0.9608022817656301,0.24629451897958185,0.1644976945333113,0.10589814716434545,0.09212268418877007,0.18195236825019095,0.03783624161248184,0.22273257954182,0.07237501034454125
updated_20260615_home__20260615_093814,0.2271537327201716,0.008217800880836039,0.016873138397636035,-0.1218725361558827,0.016674289903922213,0.9820273566156635,-0.1152211686932868,-0.22225117844123365,0.007478230644277261,0.11052631578947368,0.22877586694335622,0.23261759604269588,0.019603295236840623,0.12272535194043703,0.028507679029345246,0.9889705444176726,0.9798937933162412,0.3961921381527371,0.07985571740306138,0.24076726631806594,0.12953052837148524,0.2582357563825162,0.00958458627764354,0.43788485895777657,-0.049674810968423896
updated_20260615_home__20260615_100425,0.17541173299291654,0.005990563310349547,0.012368656416638436,-0.0499958487434301,0.01720672059635947,0.9608974225806638,-0.07254276164620677,-0.11076226566965697,0.0070555310453851204,0.19282511210762332,0.17725697132805932,0.1804679851844613,0.020784880177434444,0.05012772851976281,0.030214757818519067,0.9797456002043532,0.9676015516363259,0.17622283663329652,0.12573208874784594,0.22138016917691616,0.10465579990281598,0.2188996092468895,-0.0862049753661337,0.12910907742840425,0.02107628884502998
updated_20260615_home__20260615_102727,0.13662389583865922,0.006815707338344678,0.013468678297121058,-0.04945263637504105,0.015141662081151194,0.9267429009246141,-0.015566060325990172,-0.05923815410619582,0.006678556521618986,0.09271523178807947,0.13826464492750576,0.14078440022608485,0.022063931343434255,0.049474699557907974,0.029854134129652665,0.9603342813393132,0.9292042581400283,0.21026805629325285,0.10966508475768764,0.21946609749526036,0.07992468826894279,0.12064321661312265,-0.05558558656222157,0.34385552960141225,0.029740396488744807
updated_20260615_home__20260615_110318,0.284746837390544,0.00660093248473302,0.03502245254782708,-0.06675174082514239,0.020427897693594727,0.990253605348616,-0.3019848879947785,-0.3627894140798902,0.005724950326590453,0.24166666666666667,0.28635898400025706,0.28947853668493745,0.013945847455023058,0.06621152642441397,0.027196318248126395,0.996610662714291,0.993696799258053,0.3742067525172043,-0.05163346365338009,0.2232420101957779,0.15481635026462173,0.2231796564567408,0.14632228616362172,0.2613134541225065,-0.20644981391800188
updated_20260615_home__20260615_112244,0.25508551762045323,0.006938301028916114,0.016335709575441757,-0.0621874954533689,0.021262966709869987,0.9870474280247451,-0.23684884442674148,-0.2905846483138481,0.007965848891678375,0.2125984251968504,0.25649456360536915,0.2590685927660297,0.014938870565622219,0.06158206661405424,0.028596579692335793,0.9953226891513314,0.992586864480247,0.19737367745310258,0.0754096233710142,0.3185353969258204,0.18826835403169462,0.25154591367395157,0.03602305518740605,0.2867341689798188,-0.11285873066068042
updated_20260615_home__20260615_112934,0.19853146067282143,0.0058754093727022465,0.011572204837539263,-0.007640767365533455,0.015548231269108896,0.9876247904664849,-0.1429389315396684,-0.15020798213632003,0.006281699218851353,0.10434782608695652,0.2004937908795001,0.2040325538696567,0.02229814220689038,0.009743659718278813,0.028621092290110606,0.9829044221330145,0.9680167068111989,0.2556945025003043,0.18578444068860037,0.1336110166953523,0.12184258187618327,0.06349717298888619,0.044604848130142795,0.17162623377768432,0.06394185881241708
updated_20260615_home__20260615_124408,0.262647779239315,0.01141761873020625,0.02298700131483453,-0.1423662256096489,0.019967247047258007,0.988012179431331,-0.20328001086515446,-0.3256791950613527,0.010106682248124076,0.18840579710144928,0.2634815169438881,0.2661435359342104,0.016291466168828893,0.14151757942040072,0.026843746429826183,0.9957259880185063,0.9923800795880664,0.2066686112616725,0.15075436070095338,0.24621578116460296,0.11885175717919569,0.3016400183648964,0.3268405427453453,0.3069948248408898,0.03190260352175766
updated_20260615_home__20260615_130315,0.22223814640684011,0.007814913242591377,0.016805749926724237,-0.06100079012759716,0.018619813995535094,0.9811279249985211,-0.1651654923741167,-0.21765504172537542,0.006878624757689293,0.14935064935064934,0.2237586787919083,0.22659659044766142,0.016745049769158953,0.06067062283199924,0.027317509753338114,0.9920747064336426,0.9858163124591945,0.2579399106148677,0.11372388250179513,0.2726705228897465,0.14515209328759038,0.20621529118508894,-0.10552834075785494,0.17094871765220498,-0.031428210785795205
updated_20260615_home__20260615_132331,0.1750368683352972,0.005206583405551326,0.01069637888882735,0.0096522523276828,0.017262988506253782,0.9654925895657814,-0.11843510208514729,-0.10796751838191232,0.0061814772184255705,0.12834224598930483,0.1763439422517688,0.17847692632839937,0.016531450768223054,0.012020776540738012,0.025896053294021226,0.986456102147067,0.9733845825710928,0.2123671356915492,0.17773257048133714,0.1865538855146203,0.11267866583072693,0.10138820937900438,-0.008953094815548322,0.10284577162342656,0.0650539046506102
updated_20260615_home__20260615_134958,0.15401365887336413,0.004340711996272903,0.008825980722151922,-0.015889731515673303,0.013138010893957023,0.9505920915322891,-0.07457079543473555,-0.08667207634082053,0.004575776339189506,0.06637168141592921,0.15559520919098982,0.16141816652148105,0.018105094333097316,0.01594205870219442,0.027591244122976744,0.9793506370218357,0.9509286782812004,0.2222463920267638,-0.024366196223856017,0.07722919521534427,0.031950367862457515,0.15991747397566922,0.08959552630734026,0.24285465418683289,-0.05631656408631353
updated_20260615_home__20260615_141432,0.1580819207550976,0.006623909446901393,0.014428427265705467,-0.11903931529962773,0.012394828951691491,0.9449739679360297,0.011784837195178977,-0.09240762296966187,0.0062852764009242515,0.10508474576271186,0.15922746470413957,0.16219485880577486,0.020765393155919618,0.11878337045477827,0.028910538772090977,0.9773643922770093,0.9490216523966002,0.21872540825514564,0.07055498360425104,0.24093800354611913,-0.0037011373887413115,0.1445849548274175,0.016045071334262966,0.2433615440582678,0.07425612099299234
updated_20260615_home__20260615_143858,0.2572557525462341,0.019252596080223245,0.03396865734883497,-0.06734740822094971,0.02189412636148808,0.9869365407122703,-0.24640314032245092,-0.29891894278146613,0.014343999182327372,0.19491525423728814,0.2574594436772593,0.2616250767741328,0.018996122707193402,0.06727714102110441,0.028176450066386187,0.9965838991005143,0.991853443692262,0.13372541191411183,-0.0181583639484466,0.09635226861274579,-0.05045567878975347,0.2621407357437634,0.26828427268330657,0.10598760354848179,0.03229731484130687
updated_20260615_home__20260615_150101,0.2677048724475245,0.010471448398340728,0.021880791223592815,-0.1053343995941532,0.020903608013559755,0.9877999064476846,-0.2373398562594663,-0.32711150568786895,0.012619256264463927,0.2,0.26824123958626966,0.2706016784378678,0.019229612114135656,0.10553231800447924,0.028557437289404224,0.9962449002884156,0.9912625856063803,0.3699211713851453,-0.09531248488098673,0.0663671646831538,-0.011849367914169717,0.22528654332884818,0.043252996189032576,0.3585185866433246,-0.08346311696681698
updated_20260615_home__20260615_152340,0.2414626475178425,0.00498775971777755,0.011326174717602904,-0.01087353821545389,0.01731343000650645,0.9854861554761167,-0.2327446933097801,-0.23651561190877657,0.004226506760281096,0.2198581560283688,0.24320814454945858,0.24704195506695453,0.015663477912355922,0.011226448429964623,0.02777065674308741,0.9944015495186216,0.9870828500800123,0.3732423371268325,-0.20055497273496722,0.22044208487401734,-0.05075856057030751,0.19220137292488235,-0.10346344321386014,0.18943776716823862,-0.14979641216465978
updated_20260615_home__20260615_154558,0.20876448607765885,0.009837054686195792,0.019163754672378196,-0.009727465072791059,0.016361590075540822,0.9786583927404583,-0.1877376131274261,-0.18604569395369874,0.007671881113488365,0.1875,0.21013611547843217,0.2150749082761902,0.01808255810415364,0.009663101056599507,0.02791905528101444,0.991656701261582,0.9798294240115832,0.16526023164559978,0.048911539175701575,0.18125544256322415,0.08374154837344444,0.20102363533226786,0.1596817185781597,0.25610855422023227,-0.03483000919774283
updated_20260615_home__20260615_155125,0.19526245371659043,0.004137729538013611,0.008593669981789308,-0.048446944633717126,0.01265426166753939,0.9879453023933905,-0.1176493337828246,-0.1610522402573813,0.004243814091377102,0.100418410041841,0.19737238059665504,0.20277427713857915,0.0241070424874687,0.048504217481501084,0.029376783651590264,0.9795054905902152,0.9538532013640375,0.16546983682614272,0.0841029266291497,0.1925856161434475,0.10434823221071601,0.1155319092016249,0.09314660642606575,0.11096592425377062,-0.02024530558156629
updated_20260615_home__20260615_161951,0.22291848637002273,0.007436247813695158,0.015044083518994358,-0.18317258366786537,0.01692796927054883,0.9780010422234974,-0.05443315064614729,-0.21609825180875597,0.007406654852008279,0.1746031746031746,0.22388790287824106,0.2266579065320245,0.019070952640914757,0.1832604219794896,0.030150374913991827,0.9910175995548162,0.9783395412826877,0.2052986847726192,0.14513138606666526,0.29467102559180136,0.14653016177816935,0.23292401993349435,0.13610360979056096,0.3382612045516055,-0.0013987757115041656
updated_20260615_home__20260615_164538,0.17629929763189614,0.004301810913862396,0.008511174922016498,-0.044771227920713176,0.012225200310558508,0.9662087754341869,-0.09156150408989461,-0.12728469911207574,0.00463987020592151,0.12446351931330472,0.17784123991368003,0.17901112625326707,0.018340370220185635,0.04479676011360482,0.02798580854182035,0.9850081723593365,0.9629567946968773,0.256446371560443,0.10870449914220265,0.13694921168560203,0.055965365441400294,0.1947163447736917,-0.009479775613420787,0.19807496222360768,0.05273913370080236
updated_20260615_home__20260615_171343,0.13529963313163632,0.008097091658117998,0.0162226608253328,-0.04287798900486553,0.011727808595371753,0.9327546516210411,-0.021365356810851055,-0.05870594602860557,0.006986534635132615,0.087248322147651,0.1369211514215392,0.13803865070107113,0.021718218605788216,0.042917543201721135,0.028565320157111624,0.9669429256671762,0.9232045026244039,0.20840506799233277,0.019933879334240533,0.10839933192543928,0.031894573029504644,0.06926593274418069,0.026132310393094983,0.277061000590834,-0.011960693695264089
updated_20260615_home__20260615_173454,0.2605039244034156,0.005387919645731992,0.02628556349368833,-0.05672693929802639,0.020445096914876948,0.9877874315993636,-0.264837820597987,-0.31533661795278467,0.004080252876716681,0.2457627118644068,0.26199212815825856,0.2648635873106455,0.01422070551635296,0.05706237261649074,0.029290951642432367,0.9962201629516807,0.9918226084172357,0.2910269567575079,-0.10411815471370271,0.17264090002598187,0.018299161657326625,0.22555757870903834,-0.06702591418331627,0.18128650615916922,-0.12241731637102934
updated_20260615_home__20260615_175827,0.26515225075695503,0.019076117309906267,0.033231941650421495,-0.055766063051790805,0.020512694245761603,0.9877823519486801,-0.2713887111156278,-0.30659320466804507,0.01653235007259745,0.192,0.26595855464339024,0.26958049292675706,0.022200920948888692,0.05606143130863471,0.028612126710841606,0.9956348913441262,0.9901236729299439,0.4089560069292704,-0.018529536616208705,0.22697036792491826,-0.08460854789767816,0.12505352601456685,0.027188326353681597,0.21759800614673347,0.06607901128146944
updated_20260615_home__20260615_181821,0.22953957476295914,0.013439320587130784,0.034466792154810584,0.002040586782919412,0.018235670457411004,0.983093581750558,-0.23586012080363727,-0.22284789248879944,0.008096590952799826,0.18840579710144928,0.23035570459224716,0.23406805575955203,0.016837972093001658,0.004538312192655597,0.028243519264672896,0.9949250134408982,0.9878286514034681,0.42460379008110166,-0.03806905774481461,0.18073711369035042,0.019549955841953827,0.060022467325119754,0.01808353680874997,0.2515744625066626,-0.057619013586768436
updated_20260615_home__20260615_184806,0.20776114588667705,0.004093572264970334,0.008077163616265886,-0.05149888497300598,0.012505038657718898,0.9893961687169103,-0.1356263079118355,-0.18117877773922542,0.004160656194861855,0.10869565217391304,0.21002898067175754,0.2144610573259237,0.02331941342236606,0.05158051153779743,0.029909646417555603,0.9821032584014848,0.9591572756498341,0.19991459145543822,0.08959597856474921,0.057509661716556464,0.018644478897925344,0.17241022435411318,0.109197524344181,0.17291837934856993,0.07095149966682388
updated_20260615_home__20260615_191512,0.19332266726958056,0.007890639457431948,0.014652725691685636,-0.07005037800670218,0.016825036632680205,0.9687504065500562,-0.08247319249681562,-0.14070804278048554,0.010189295071220815,0.24867724867724866,0.19438971677324396,0.19833843892255354,0.019706502212845995,0.06996539927018819,0.029615560646917782,0.989370296255647,0.9762206298853775,0.2596223158903042,0.13569155074781825,0.18336314789984554,0.07346676970015487,0.0780848208888744,0.025786726402495627,0.20299813130659156,0.06222478104766341
updated_20260615_home__20260615_194133,0.16752068246906668,0.004422205881174647,0.008913473514233291,-0.0400536886198956,0.012833058383160647,0.9587899919387926,-0.07300444099801573,-0.10579760285433715,0.0046787460891235585,0.06880733944954129,0.1687222922501455,0.17352934007493187,0.017446545893172915,0.04006546953284399,0.02615081066004888,0.9844432155596993,0.9634968045586136,0.2895956014331681,-0.10021364556751054,0.09604780169346652,-0.05398847295882614,0.13344212234648645,0.08697135796439656,0.22102677119300082,-0.0462251726086844
updated_20260615_home__20260615_200106,0.13398737096945287,0.003758164698400518,0.007570136242086059,-0.026461105840353657,0.011272811965086582,0.9295211112390119,-0.042539365431920606,-0.06485266639064768,0.004325557470196267,0.042105263157894736,0.13578056162423405,0.13964517898751844,0.019802402283145476,0.026385092982969045,0.027339753698532664,0.9697760568503568,0.9296033759858352,0.23296340622982803,0.007895630421282326,0.18313010207051422,0.00030976836861905036,0.07803571702926687,-0.021780635141945323,0.06505343620748791,0.007585862052663281
