window_id,date,start_time,duration_s,flow_point,standard_volume_m3,standard_rate_m3h,condition_note,is_disturbed,disturbance_id,disturbance_angle_deg,phys6_volume_m3,owics_volume_m3,lagrange_volume_m3,equal_weight_volume_m3,chord0,chord1,chord2,chord3,chord4,ab0,ab1,ab2,ab3,ab4,profile_top_bottom,profile_center_all,profile_edge_inner,profile_inner_skew,profile_ab_abs,profile_swirl,dyn_first_0p1_s,dyn_tail_0p1_s,dyn_start_over_plateau,dyn_end_over_plateau,dyn_plateau_cv,dyn_active_eq_s,zero_rate_med,zero_rate_mad,zero_age_s
updated_20260607_home__20260607_093346,20260607,09:33:46,191,50,82.2278,1549.84335079,no_disturbance_reference,0,D0,,81.9511046117,82.4587265016,81.833375535,82.6105947049,3.10767159729,3.39064504655,3.42185102773,3.3823377448,3.15772416573,-0.031383275226,-0.0244019582813,-0.00569200940977,0.00976375080522,0.0479125033297,-0.0152040918376,1.03942992127,0.925057091689,0.00252344650104,0.014477744245,-0.00810867183368,1.01699995995,2.98300004005,0.0581351023409,-0.00328121079887,0.0553829280822,178.450062716,0.696662723853,0.10506975417,116.983
updated_20260607_home__20260607_104833,20260607,10:48:33,116,80,83.3488,2586.68689655,no_disturbance_reference,0,D0,,83.0500088696,83.5633926818,82.9447232577,83.7192301479,5.20166299709,5.65865114483,5.70347460457,5.63767042629,5.26487779169,-0.0963540798008,-0.0526292917792,-0.013830455584,0.032931988056,0.0890001451283,-0.0115076856958,1.03826633525,0.926544160671,0.00381935140513,0.0207341780389,-0.0115491828212,2.01699995995,3.98300004005,0.0404467614052,7.05569904593e-05,0.0364680407813,102.550847432,0.762890648233,0.111879321771,130.983
updated_20260607_home__20260607_111129,20260607,11:11:29,126,70,83.5689,2387.68285714,no_disturbance_reference,0,D0,,83.2769075909,83.7883228603,83.173137626,83.9515119812,4.81645129244,5.22997253965,5.26207960616,5.19910581606,4.84901785978,-0.0589044899259,-0.0364826835536,-0.0111600475514,0.0182218161778,0.0540712055001,-0.0064217072723,1.03761426598,0.926780758813,0.00608651999515,0.0141059961882,-0.00771741101805,2.01699995995,1.98300004005,0.012052103601,-0.000310194732215,0.0426206979117,114.217724217,0.882101704938,0.109531409974,340.983
updated_20260607_home__20260607_113256,20260607,11:32:56,141,60,82.8287,2114.77531915,no_disturbance_reference,0,D0,,82.4996274241,83.0070260032,82.3950813872,83.1671586511,4.24857965221,4.62056993871,4.65944622849,4.61232680004,4.30648839753,-0.0633688573309,-0.03628080568,-0.015993870971,0.0133514317394,0.0656963630499,-0.0128987581846,1.03785826904,0.926585479272,0.00183610008877,0.017346439518,-0.00943366791571,2.01699995995,3.98300004005,0.00193006252023,-0.00049497777544,0.0364500531017,127.46906107,0.854165182586,0.115367874709,96.983
updated_20260607_home__20260607_115557,20260607,11:55:57,155,60,81.9485,1903.32,no_disturbance_reference,0,D0,,81.5919876908,82.0956738107,81.4607584184,82.2506296222,3.81094329977,4.16640082416,4.20124666333,4.14808321467,3.8681949783,-0.0291049436347,-0.0296040538782,-0.00801938255231,0.00999673324532,0.0340119383993,-0.0141748081124,1.04017675664,0.923585665954,0.00453521374804,0.010966850225,-0.00582396771424,2.01699995995,1.98300004005,0.0299295229582,0.00690370928497,0.045687957188,145.172705381,0.868117469676,0.0956046610399,48.983
updated_20260607_home__20260607_122116,20260607,12:21:16,185,50,82.3286,1602.07005405,no_disturbance_reference,0,D0,,81.9519554868,82.4578273128,81.8252913179,82.6134602353,3.21408216446,3.50495023406,3.53420680812,3.49064692978,3.25077820632,-0.0342626855345,-0.0262794902549,-0.00875794184675,0.010778495306,0.0364996561544,-0.0107963420511,1.0397989442,0.924132739403,0.00420817498692,0.0137193964818,-0.007362943718,2.01699995995,2.98300004005,0.0436296498639,0.000882219477151,0.0439113203346,174.73404369,0.858140907615,0.145354260264,717.983
updated_20260607_home__20260607_124409,20260607,12:44:09,231,40,83.0889,1294.89194805,no_disturbance_reference,0,D0,,82.7121328408,83.2218093129,82.5537974333,83.3812018589,2.5998922612,2.83772799778,2.86235162098,2.82334855809,2.613609329,0.00125794760254,-0.010807643472,-0.00543094046365,0.0012757266016,-0.000838321608856,-0.00499277059266,1.04184547403,0.920938188832,0.00523386227546,0.00285516197305,-0.000610028760753,2.01699995995,4.98300004005,0.00279542117723,0.00158301936893,0.0437025040965,221.138266317,0.82000586264,0.12449330958,328.983
updated_20260607_home__20260607_133216,20260607,13:32:16,119,80,85.1494,2575.94823529,no_disturbance_reference,0,D0,,84.8793210958,85.407584378,84.798501364,85.5590612588,5.19077771537,5.62982361906,5.67461284964,5.61168379913,5.25539926271,-0.0239795933361,-0.0240867763266,-0.00913207135367,2.09434879554e-05,0.0350187880984,-0.0118085018145,1.03694013676,0.929250552393,0.00331474725296,0.00674199039458,-0.00358531458357,2.01699995995,2.98300004005,0.0346128005201,-0.000961487905801,0.0386965903344,105.642889764,0.919102161002,0.0970310484382,108.983
updated_20260607_home__20260607_135505,20260607,13:55:05,127,70,83.1089,2355.84283465,no_disturbance_reference,0,D0,,82.8225545105,83.3333116566,82.7307772291,83.4910303787,4.72591854891,5.14395772904,5.18958472814,5.14124056855,4.81827882005,0.00281552585459,-0.0136152259406,-0.00987055559661,-0.00131339699496,-0.00423925413375,-0.018458040593,1.03712954051,0.927954628856,0.000543019827981,0.00254638342714,-8.76593231199e-05,2.01699995995,6.98300004005,0.00622919046574,0.000514185644997,0.0467352290454,109.129061199,0.840978706651,0.115957720012,81.983
updated_20260607_home__20260607_141757,20260607,14:17:57,138,60,81.4884,2125.78434783,no_disturbance_reference,0,D0,,81.1315774082,81.6334722712,81.0350531941,81.7848459273,4.2733387172,4.6469430006,4.68163180495,4.62681082511,4.32546698867,-0.0349542779145,-0.0303954679623,-0.0139185346567,0.00636462264973,0.0468962998573,-0.0115562271078,1.03786292647,0.927219534557,0.00446306746097,0.0117520687009,-0.00616916105201,2.01699995995,2.98300004005,0.00201369831019,0.00110546948344,0.0477740740107,125.615352646,0.848658720235,0.206671759284,754.983
updated_20260608_home__20260608_090825,20260608,09:08:25,125,70,83.7273,2411.34624,disturbed_test,1,D7,270,83.6214010368,84.1794933136,83.9301897577,84.2448668717,5.08247456168,5.23149586389,5.20783633457,5.14476147485,4.98222533797,0.908495792554,0.391347785587,0.0664366257842,-0.26766523127,-1.10877534173,0.0195426781819,1.01522052485,0.969974006145,0.0169080835699,0.213867429602,0.124869847052,2.01699995995,3.98300004005,0.0303234883195,-0.0011237468152,0.0408208469458,111.68177644,1.49360377067,0.0778406371458,107.983
updated_20260608_home__20260608_093103,20260608,09:31:03,157,60,82.0068,1880.41070064,disturbed_test,1,D7,270,81.7741422253,82.3144852075,82.0669266501,82.3897430686,3.9776493274,4.08251623377,4.0543002919,4.00116870861,3.8556961367,0.714596889809,0.298382319469,0.0537780711038,-0.199090234385,-0.848229764394,0.0305320643215,1.01503008316,0.969031514703,0.0203660753473,0.211711208541,0.123640180819,2.01699995995,4.98300004005,0.0363307861778,0.00170803438516,0.0345487627273,144.594740775,1.52767236017,0.148924524312,588.983
updated_20260608_home__20260608_103248,20260608,10:32:48,225,40,81.4669,1303.4704,disturbed_test,1,D7,270,81.2158244491,81.7537938131,81.5028548275,81.8258834658,2.75779062663,2.830290056,2.81097791345,2.77227445731,2.66884546347,0.48839314868,0.208251239849,0.038575690658,-0.134547467099,-0.582876142626,0.0321329537247,1.01551360412,0.968598590378,0.0209591222472,0.209916900587,0.122415188652,2.01699995995,3.98300004005,0.00140315655042,-0.00106320561855,0.0233014812673,216.11462045,1.5826223168,0.0487067955655,280.983
updated_20260608_home__20260608_105332,20260608,10:53:32,294,30,81.4269,997.064081633,disturbed_test,1,D7,270,81.3463112395,81.8961917604,81.659218937,81.9452042124,2.11918264532,2.1681428247,2.1541867253,2.12006713284,2.04583953252,0.37166740087,0.160487329142,0.0300516292336,-0.100693130649,-0.448372750183,0.0345716115143,1.01541513237,0.97127291319,0.0226613526291,0.20952736093,0.122159405619,3.01699995995,4.98300004005,0.00200437859519,0.000281256496113,0.0116106289441,284.709048605,1.42995819241,0.313984031484,443.983
updated_20260608_home__20260608_112156,20260608,11:21:56,119,80,84.5678,2558.35361345,disturbed_test,1,D7,270,84.3967279989,84.9617853965,84.7227405881,85.0238430475,5.40246611511,5.54401467159,5.51700098034,5.44978965644,5.27785985153,0.972613459436,0.413651882763,0.0677614317489,-0.279914032202,-1.16917962855,0.0229130340923,1.01448537108,0.971485906785,0.0173264242296,0.213534362019,0.12485110418,2.01699995995,3.98300004005,0.000603332873921,0.00150034987051,0.0422716682621,103.874460876,7.38024952462,0.290864696395,824.983
updated_20260608_home__20260608_130102,20260608,13:01:02,139,60,81.9671,2122.88892086,disturbed_test,1,D7,270,81.6828266024,82.2204616664,81.9772264338,82.299946189,4.46952575163,4.59853899729,4.57219088277,4.5219721381,4.37073286339,0.802745495031,0.340284298421,0.0607101511053,-0.22915575674,-0.965970126053,0.0219218614563,1.01455617777,0.969272279128,0.0169899687014,0.212920606964,0.124282758232,2.01799988747,3.98300004005,0.000638039155825,0.000343021440609,0.0438335395519,127.840315848,6.04149473755,0.238319130668,320.983
updated_20260608_home__20260608_135520,20260608,13:55:20,154,60,82.6278,1931.55896104,disturbed_test,1,D7,270,82.2867472455,82.8339013379,82.5969479891,82.9023199142,4.08039656763,4.17951469625,4.156596016,4.10713836261,3.9634063692,0.722542769355,0.309316651758,0.0550051020305,-0.207698186813,-0.872968808736,0.028552228588,1.01444463889,0.970693822911,0.017663920996,0.211600138219,0.123457509745,2.01699995995,2.98300004005,0.000689619010856,-0.00033220066308,0.0232601733778,143.26468239,1.61036900591,0.105280304517,120.983
updated_20260608_home__20260608_155232,20260608,15:52:32,122,70,83.9888,2478.35803279,disturbed_test,1,D7,270,83.8466018135,84.3991248403,84.1479983525,84.4793949135,5.22545489038,5.38308310173,5.34807456166,5.28359306442,5.11245511023,0.943037701638,0.393303884734,0.0687143909173,-0.27443912533,-1.12100616951,0.0214399185937,1.01471244532,0.969178199431,0.0188766588561,0.212540304829,0.124124636781,3.01699995995,3.98300004005,0.0602205365242,-0.00114517841344,0.0372876556743,107.851471913,1.59115452984,0.121904514212,3.983
updated_20260608_home__20260608_161457,20260608,16:14:57,128,70,83.4487,2346.9946875,disturbed_test,1,D7,270,83.2726109868,83.8241762475,83.5821912228,83.8979068382,4.94796175946,5.08778452679,5.06084262049,5.00415194436,4.84375110475,0.884844175714,0.375347361205,0.062147349825,-0.257804213678,-1.06311225998,0.0208885101564,1.01442086482,0.970251139828,0.0167637373763,0.211930983808,0.123865494838,2.01699995995,2.98300004005,0.00056009402803,0.000599948450484,0.0440367163105,113.224846174,1.60737579381,0.162619527501,451.983
updated_20260608_home__20260608_163905,20260608,16:39:05,141,60,82.4484,2105.06553191,disturbed_test,1,D7,270,82.2231613784,82.7692406464,82.5430851303,82.8387931453,4.42846643623,4.55830595868,4.53267762468,4.48224370239,4.3570890962,0.783813100088,0.343012953021,0.0669736538695,-0.226096137959,-0.971928905232,0.0159618125498,1.01362351912,0.971794399876,0.0170094805502,0.213949459559,0.124489942918,1.01699995995,3.98300004005,0.000873425826855,-0.000834465358284,0.0331836752804,129.42473412,1.60105723296,0.136688805069,208.983
updated_20260608_home__20260608_170026,20260608,17:00:26,160,60,82.589,1858.2525,disturbed_test,1,D7,270,82.3240530844,82.8786336185,82.6357754367,82.9322525326,3.92534223165,4.02427618811,4.00622064343,3.95220315875,3.81786498257,0.70124410367,0.298001840486,0.0462365346251,-0.199379800926,-0.835058007447,0.0272426631552,1.01547183658,0.970755000736,0.0182686222253,0.210882091819,0.123442185818,2.01699995995,2.98300004005,0.00087683579734,-0.00100796832115,0.0284908824103,148.755415204,1.63676673982,0.134092910139,237.983
updated_20260608_home__20260608_174749,20260608,17:47:49,223,40,81.9888,1323.58600897,disturbed_test,1,D7,270,81.7407322432,82.2835705416,82.0348928728,82.3531707125,2.7961849065,2.87213247888,2.85400750585,2.81571126278,2.71625572416,0.496662848389,0.208748824503,0.0379952970173,-0.140677142202,-0.595326086306,0.0284358625252,1.0153508731,0.969161756375,0.0200725929793,0.210527888739,0.122881625253,2.01699995995,3.98300004005,0.000995569545673,-0.00111255882034,0.019750242261,214.667246515,1.44781633138,0.364857969961,1118.983
updated_20260608_home__20260608_181045,20260608,18:10:45,288,30,83.1491,1039.36375,disturbed_test,1,D7,270,83.0208956057,83.5736971435,83.3082953784,83.6415525236,2.20326127366,2.26405709819,2.24674459369,2.21064732452,2.12785539617,0.387221424618,0.162583941587,0.0315398364348,-0.103807912361,-0.464871048396,0.034112386041,1.01639051849,0.967911231822,0.0241617083221,0.208100851159,0.121407244637,2.01699995995,3.98300004005,0.00158056605793,-0.000691526288768,0.0130833704183,279.973686003,1.71648720955,0.157144686404,190.983
updated_20260609_home__20260609_083150,20260609,08:31:50,142,60,83.5482,2118.12338028,disturbed_test,1,D5,0,83.2018200717,83.7353840306,83.2826034517,83.8488518786,4.42601781008,4.64500273676,4.62018576677,4.52883930929,4.25198318155,0.861304901054,0.278107545518,0.0217419433671,-0.238536218933,-0.864378091419,0.0387225003236,1.02798590349,0.94595055682,0.0258462260978,0.201501050038,0.119998732654,2.01699995995,2.98300004005,0.00191514363114,-0.000484707891895,0.0394558802208,131.236090813,1.63981185711,0.0635463620613,328.983
updated_20260609_home__20260609_085806,20260609,08:58:06,121,70,83.9283,2497.04033058,disturbed_test,1,D5,0,83.707863555,84.2433368305,83.7926897553,84.3601942521,5.22121288551,5.48677219907,5.45267187239,5.34393886445,5.02836451078,1.02592362755,0.326834336321,0.0211876069083,-0.279031890691,-1.03057820213,0.036341285012,1.02752798861,0.946343904493,0.0269162077714,0.202280908727,0.120776573815,2.01699995995,3.98300004005,0.00083386378009,0.000720584112906,0.0388917157557,106.655292789,1.51810921174,0.114385664349,65.983
updated_20260609_home__20260609_093941,20260609,09:39:41,160,50,81.6476,1837.071,disturbed_test,1,D5,0,81.2433249383,81.7592205811,81.3093039603,81.8807615873,3.82772382028,4.02820114591,4.00467117441,3.92767975217,3.68752821939,0.750028229933,0.24286177584,0.0185498027239,-0.207311841383,-0.752847804675,0.0359922496879,1.02811446227,0.944615955913,0.025806737726,0.202466552159,0.120593950342,2.01699995995,5.98300004005,0.00937513692236,0.000789995497398,0.0333335760641,147.295338832,1.60874156279,0.107843913239,1326.983
updated_20260609_home__20260609_094422,20260609,09:44:22,236,20,42.2468,644.442711864,disturbed_test,1,D5,0,42.2073420291,42.479164072,42.2263565669,42.5346994073,1.35604341397,1.42414106416,1.41492124957,1.38020903528,1.28374950266,0.255641674324,0.0851698314362,0.00611135895489,-0.0714064754328,-0.254167843718,0.0526995436348,1.03142440045,0.941320742069,0.0320247975382,0.196090066464,0.116672784376,1.01699995995,1.98300004005,0.0929215155828,0.00632804913047,0.0192475359564,224.788561235,1.58776752625,0.13732661205,281.983
updated_20260609_home__20260609_101255,20260609,10:12:55,188,50,82.6279,1582.23638298,disturbed_test,1,D5,0,82.2860100544,82.8094078509,82.3567736257,82.9306284892,3.31381206491,3.47974099142,3.45144301071,3.37683921474,3.16584209403,0.636099813628,0.210858964301,0.0162125169716,-0.173583762134,-0.640819604583,0.0440710074336,1.0279691864,0.945027107408,0.0306480087654,0.199857862891,0.118976202963,2.01699995995,3.98300004005,0.014473630524,0.0013520370725,0.0302952914744,178.118612777,1.63668895411,0.17332814899,482.983
updated_20260609_home__20260609_110218,20260609,11:02:18,298,30,81.1883,980.798255034,disturbed_test,1,D5,0,80.9805008403,81.4927433653,81.0100068414,81.6185606158,2.05259914928,2.16193064173,2.14814726854,2.10210539845,1.95854002369,0.389977873159,0.127582175936,0.0113103378306,-0.108810934124,-0.392175776018,0.0451195507751,1.03045227292,0.940690729434,0.0286977800894,0.197606300463,0.117454364105,0,3.98300004005,0.124890714704,0.000869411542459,0.0361007238398,291.357449536,1.72561432092,0.226537492853,362.983
updated_20260609_home__20260609_112709,20260609,11:27:09,120,70,83.9291,2517.873,disturbed_test,1,D5,0,83.7081244726,84.2479998179,83.8039458394,84.3556050386,5.25372114786,5.52850587303,5.49728154674,5.38594338342,5.08716095658,1.02518568666,0.334944953056,0.0330021003214,-0.268503160771,-1.05652221613,0.0311297053214,1.02742890306,0.94744882325,0.0266445917093,0.203206926092,0.120915696917,2.01699995995,2.98300004005,0.00093004866481,-0.00189277622317,0.042091342291,106.001937041,1.58770118092,0.0560514648412,65.983
updated_20260609_home__20260609_124246,20260609,12:42:46,132,70,83.649,2281.33636364,disturbed_test,1,D5,0,83.3950286087,83.9284729682,83.4545948758,84.0453472029,4.76348741984,5.01645768077,4.98820142235,4.8836896991,4.57927055693,0.938514088662,0.305301228332,0.0195781162649,-0.264881796769,-0.931993724454,0.0380124739232,1.02929706593,0.943698878237,0.0273961860016,0.203066989628,0.121012181989,2.01699995995,6.98300004005,0.000769550024469,0.00124877191214,0.0382556564927,115.662476645,1.58477228334,0.0451504741967,696.983
updated_20260609_home__20260609_130119,20260609,13:01:19,137,60,82.9493,2179.68963504,disturbed_test,1,D5,0,82.6775396214,83.1992936966,82.7247416864,83.3299994012,4.52838444725,4.78842536562,4.7640360543,4.67552834341,4.39167081816,0.885151330374,0.289395372237,0.0130051420156,-0.245676624052,-0.894146862376,0.0295302754342,1.02903637184,0.942529469147,0.0243858654318,0.201086124393,0.120207790885,2.01699995995,2.98300004005,0.000956476498943,0.000984724527915,0.0336006407066,125.203936345,1.61189483709,0.166887722266,22.983
updated_20260609_home__20260609_132339,20260609,13:23:39,152,60,82.0491,1943.26815789,disturbed_test,1,D5,0,81.6719004984,82.1951244986,81.7344055733,82.3078635225,4.04708322741,4.26497425882,4.24158152534,4.15325080893,3.9008920035,0.785924654551,0.253619342462,0.0231418302571,-0.21506927213,-0.799731152017,0.0354699077172,1.02912131969,0.944139075273,0.0271071022685,0.201621530076,0.119967846597,2.01699995995,2.98300004005,0.0112271469741,0.00247746888108,0.0270206884283,142.0047217,1.60215385472,0.274722752189,713.983
updated_20260609_home__20260609_133044,20260609,13:30:44,238,20,42.0361,635.840168067,disturbed_test,1,D5,0,41.9887803656,42.2527169545,41.9926587698,42.3215672809,1.33150544671,1.40594300172,1.39617409965,1.3650724627,1.26864959783,0.251235994842,0.0831284476357,0.00588168473699,-0.0727207611147,-0.249464665292,0.0464405557281,1.03155238901,0.938340142063,0.0301968802986,0.195772963233,0.116421765098,2.01699995995,3.98300004005,0.000808412946741,0.00145925085673,0.0223588125381,223.268459987,1.55057538993,0.708124149692,128.983
updated_20260609_home__20260609_153413,20260609,15:34:13,124,70,84.1503,2443.07322581,disturbed_test,1,D5,0,83.8815188018,84.4223500108,83.9479972155,84.5309826297,5.09566824051,5.36717063274,5.34171557818,5.22861195834,4.91028421819,1.00410202629,0.321910831232,0.0210085132215,-0.278370108801,-1.00064911923,0.0357284821089,1.02949211629,0.944333499928,0.0267039794326,0.202443432559,0.120754099334,2.01699995995,2.98300004005,0.000601471357627,0.00118561744957,0.0447150548496,110.816008122,1.70932763635,0.18017626074,590.983
updated_20260609_home__20260609_155607,20260609,15:56:07,142,60,82.59,2093.83098592,disturbed_test,1,D5,0,82.2480279601,82.7708707584,82.3018061832,82.8929513505,4.35244252766,4.59802817347,4.57265092052,4.48137784653,4.21134187849,0.848252849592,0.280594287576,0.019477052544,-0.234269979851,-0.865435808795,0.0317567646832,1.02914196432,0.943209763644,0.0262538620812,0.202380809556,0.120613628161,2.01699995995,4.98300004005,0.000695997928419,0.00187467873147,0.0412610508156,128.856497021,1.66142718632,0.113138440204,1313.983
updated_20260609_home__20260609_161953,20260609,16:19:53,156,60,81.8098,1887.91846154,disturbed_test,1,D5,0,81.4714282522,81.9954517956,81.5431893895,82.1034656716,3.93594702055,4.14319797875,4.12114161478,4.03535936742,3.79386739622,0.757141501841,0.246086754622,0.0202639441409,-0.20859857787,-0.766735644509,0.0354675676972,1.02876728382,0.945131774418,0.0269199279335,0.199588116325,0.118817313922,2.01699995995,2.98300004005,0.000960474499606,-0.000758539760336,0.0281409478064,146.457600367,1.5942642293,0.241710486899,616.983
updated_20260609_home__20260609_165100,20260609,16:51:00,187,50,82.3504,1585.35529412,disturbed_test,1,D5,0,81.9468990656,82.4736325876,82.0171379374,82.5830260973,3.3112003762,3.47570043094,3.45832594466,3.3874793126,3.1740034233,0.642605879826,0.205694456553,0.0151809709067,-0.176720407901,-0.639275289987,0.0408161255466,1.02885277668,0.944926993293,0.0262458033218,0.1998579206,0.119111113657,2.01699995995,2.98300004005,0.00101444008092,0.000145970663215,0.0308433601782,177.341058584,1.61666910659,0.305911198537,615.983
updated_20260609_home__20260609_171653,20260609,17:16:53,226,40,81.09,1291.69911504,disturbed_test,1,D5,0,80.7769222541,81.2954183688,80.8600255088,81.4045090481,2.69848047026,2.83385518697,2.81759367494,2.76112742885,2.59692535669,0.516514466627,0.17247467195,0.0165640100499,-0.142910104498,-0.532236369915,0.0370423278573,1.02772007242,0.946456171637,0.0265275215189,0.201444619811,0.119645909585,2.01699995995,2.98200011253,0.00128295606948,0.000871260626845,0.0202038662827,219.238783022,1.64677249623,0.0911559085015,203.983
updated_20260609_home__20260609_174154,20260609,17:41:54,294,30,82.0303,1004.45265306,disturbed_test,1,D5,0,81.8190571232,82.3449502729,81.8776349355,82.4543951142,2.10164034838,2.21122812298,2.19803798377,2.14921065824,2.01321409969,0.393227883354,0.132947072388,0.0120841628467,-0.106885691596,-0.403552803314,0.041423922354,1.02968695522,0.943678986114,0.0290525345394,0.196508024077,0.11676391989,1.01699995995,1.98300004005,0.00163262953212,-0.00218080666181,0.0154992698722,288.52125934,1.84215709839,0.169354436933,463.983
updated_20260610_home__20260610_092743,20260610,09:27:43,122,70,83.0906,2451.85377049,disturbed_test,1,D6,90,82.9408735129,83.4780984115,83.1110971156,83.5787806397,4.91028958083,5.29716653903,5.33117188514,5.3091821065,5.22391131299,1.04161157824,0.32862993195,-0.0698676355302,-0.424555230534,-0.989712235427,-0.0601459579624,1.02240504153,0.955484420935,-0.00230432952032,0.218963417506,0.126850686442,2.01699995995,7.98300004005,0.000592959024244,0.000718474815349,0.041045264503,103.346109094,1.20427511991,0.607642918629,837.983
updated_20260610_home__20260610_095019,20260610,09:50:19,125,70,83.2697,2398.16736,disturbed_test,1,D6,90,83.1200051653,83.6532816028,83.2751525097,83.7649657997,4.80396965775,5.18218700379,5.21638223116,5.20029943758,5.0998468329,1.00134562759,0.317119426224,-0.0593417986247,-0.412052273237,-0.959114390162,-0.0580090240021,1.02271235319,0.953896404929,-0.00355108367488,0.21558306494,0.12523841287,3.01699995995,4.98300004005,0.000582824708538,5.96258665557e-05,0.0398690858261,109.304248629,1.54015349118,0.132574470428,329.983
updated_20260610_home__20260610_102055,20260610,10:20:55,230,20,41.8451,654.966782609,disturbed_test,1,D6,90,41.8601107831,42.1359830367,41.9721693065,42.1766119281,1.31728208225,1.41284535828,1.42389179245,1.41990311693,1.40482314678,0.265672878213,0.0841929397597,-0.0184259292916,-0.110279393528,-0.256723809657,-0.0627197714626,1.02016314617,0.960941380026,-0.00505660985077,0.210724105299,0.121974565628,2.01699995995,1.98300004005,0.00329261979399,-0.00180561694151,0.0230950868101,217.325582396,1.56452329229,0.107482148781,436.983
updated_20260610_home__20260610_104537,20260610,10:45:37,181,50,81.4492,1619.9840884,disturbed_test,1,D6,90,81.1966423526,81.7195315969,81.3517404922,81.8245470543,3.23399516619,3.49353583538,3.519202267,3.50920155873,3.44842598267,0.671888002509,0.211402187297,-0.051102773009,-0.285633099908,-0.639833091902,-0.0623187396616,1.02276460773,0.954258423925,-0.00455283504257,0.216207876034,0.124701345251,2.01699995995,2.98300004005,0.000898147171111,-0.00408103808715,0.0255462189972,172.375744484,1.55452054322,0.120240131683,427.983
updated_20260610_home__20260610_110929,20260610,11:09:29,210,40,81.4892,1396.95771429,disturbed_test,1,D6,90,81.3214475994,81.8552528474,81.5208223327,81.9388687186,2.7974759123,3.01100131838,3.0326914369,3.02106654427,2.98700305352,0.571753969209,0.180892357117,-0.0402622212491,-0.235969708032,-0.555469175673,-0.0638171257792,1.02116060861,0.958954557134,-0.00338913879071,0.213391071376,0.12352397102,2.01699995995,2.98300004005,0.00100967460977,0.00287229290477,0.0159698289851,202.028589249,1.59887520415,0.11133507584,56.983
updated_20260610_home__20260610_131744,20260610,13:17:44,119,80,83.8299,2536.03058824,disturbed_test,1,D6,90,83.6752305786,84.2198256123,83.831165697,84.3162585912,5.07230756918,5.48078859463,5.52201246587,5.49432095651,5.39541196644,1.06406459416,0.332433420204,-0.0768298705962,-0.43013245291,-1.02142383849,-0.0599121631449,1.02392822429,0.953769024978,-0.00250926041083,0.216940579506,0.12555562383,2.01699995995,3.98300004005,0.000532635277743,0.00127875318544,0.0519521269281,104.283336162,1.47018971912,0.0731192634455,621.983
updated_20260610_home__20260610_133459,20260610,13:34:59,124,70,83.6899,2429.70677419,disturbed_test,1,D6,90,83.5531110778,84.0969506051,83.7001449029,84.1932995875,4.85657031392,5.25923588742,5.29483542001,5.26130246818,5.16786804919,1.01206755957,0.321448126081,-0.0594571243498,-0.403290181898,-0.979920836057,-0.0602360678161,1.02454990609,0.952844619189,-0.000399883086425,0.214876471474,0.125018805856,3.01699995995,2.98300004005,0.000620400934592,-0.000378023228068,0.0422442225051,110.886525232,1.41858036696,0.219883609887,588.983
updated_20260610_home__20260610_142511,20260610,14:25:11,183,20,32.7718,644.691147541,disturbed_test,1,D6,90,32.7762191989,32.9948104443,32.8688977168,33.021211617,1.2965400681,1.38835227148,1.40129209397,1.39720586108,1.38374211855,0.266598415898,0.0865690554845,-0.017538078857,-0.10953940095,-0.260298692366,-0.0634923321662,1.02028911754,0.962206516288,-0.00644635130675,0.215677694559,0.125019689299,2.01699995995,2.98300004005,0.00107802371975,-0.00369401911132,0.0271836753335,169.980969617,1.39491307991,1.47264070907,117.983
updated_20260610_home__20260610_151635,20260610,15:16:35,226,40,81.4302,1297.11823009,disturbed_test,1,D6,90,81.2379352996,81.7686818281,81.4285891428,81.8575262833,2.58942967851,2.79543237738,2.81580279544,2.80629249554,2.77730988368,0.52886769856,0.168305336443,-0.0372562362346,-0.218999026609,-0.512598576853,-0.0681502331705,1.02138283753,0.958051258127,-0.00393931646036,0.212710164447,0.123087364179,2.01699995995,2.98300004005,0.00110666241267,-0.00237770010187,0.0190564799985,217.526250529,1.6154567106,0.0969156944924,616.983
updated_20260610_home__20260610_153802,20260610,15:38:02,286,30,81.2502,1022.72979021,disturbed_test,1,D6,90,81.175260165,81.7108963373,81.3797580836,81.7885180604,2.04900564754,2.20458552406,2.22281091833,2.2151005695,2.19177760097,0.415281235611,0.133734108563,-0.0301093218478,-0.175697233729,-0.402881622439,-0.0655923352252,1.021204483,0.959521368427,-0.0048308254466,0.212749004802,0.122906203591,2.01699995995,2.98300004005,0.00163331518927,0.000691536644476,0.0128929470153,278.868863172,1.30210499682,0.715604238391,922.983
updated_20260610_home__20260610_164855,20260610,16:48:55,143,60,81.9904,2064.09398601,disturbed_test,1,D6,90,81.800937172,82.3371339914,81.9685293836,82.4233258789,4.12727942077,4.45260123928,4.48989289152,4.46930333721,4.396426451,0.86298968243,0.276043963642,-0.0527349081884,-0.355891658874,-0.825640224097,-0.0613496362638,1.02343055958,0.95536841923,-0.00380709247403,0.216388965456,0.125577529054,3.01699995995,6.98300004005,0.000701703621538,-0.000784581541281,0.032828051947,127.150353803,1.65571928517,0.0955798365378,1358.983
updated_20260610_home__20260610_171120,20260610,17:11:20,156,60,81.9304,1890.70153846,disturbed_test,1,D6,90,81.6407489089,82.171732336,81.795569833,82.2665420364,3.77522840848,4.07864181626,4.10888794057,4.08915252614,4.01738590616,0.779984054608,0.248591775353,-0.0469444520191,-0.317685506289,-0.755837876413,-0.0603303400553,1.02367512498,0.95406593114,-0.00261860445119,0.214162330426,0.12444711834,2.01699995995,3.98300004005,0.00080715812599,-0.00212640362227,0.0431175986984,144.185291361,1.13615362564,0.612403752606,984.983
updated_20260610_home__20260610_174255,20260610,17:42:55,187,50,82.2505,1583.43208556,disturbed_test,1,D6,90,82.0005538284,82.5335930692,82.185987117,82.6289315942,3.15839910914,3.41479324356,3.4354045484,3.42140332313,3.38605162336,0.650508558493,0.208474467648,-0.0447843538855,-0.272694908107,-0.625959459596,-0.0676890498091,1.02146585285,0.957323369603,-0.00196540770349,0.21436919487,0.124015348845,2.01699995995,2.98300004005,0.000978214571027,-0.00638003397418,0.0187774034281,178.00226874,1.61809232927,0.15974497285,1143.983
updated_20260610_home__20260610_183250,20260610,18:32:50,283,30,80.6509,1025.94784452,disturbed_test,1,D6,90,80.5797324353,81.1122380643,80.7809293698,81.1876705198,2.05499488464,2.21122411699,2.23044091857,2.22268659838,2.19850420422,0.41800104729,0.135013618938,-0.0317886783419,-0.176655163581,-0.404721832377,-0.0657223308972,1.0214652019,0.959310947359,-0.00524942210777,0.213628189309,0.12324295037,1.01699995995,6.98300004005,0.00171355836403,-0.000179419817635,0.0168347099628,272.638759013,1.60917916246,0.114059857848,260.983
updated_20260612_home__20260612_080630,20260612,08:06:30,126,70,84.7511,2421.46,disturbed_test,1,D8,135,84.6565339559,85.2114692814,84.877157079,85.2998783892,4.77079700233,5.17611606422,5.25649525093,5.2849986354,5.27547934467,0.993904342408,0.258692917476,-0.0420058477325,-0.352949843185,-1.04065221544,-0.0979437528402,1.02012856101,0.960344727638,-0.0211308515193,0.208680098584,0.123490263199,2.5569999218,3.4430000782,0.000505281775822,-0.00027441316441,0.0393660645255,113.260048457,1.55179739979,0.153656895022,271.443
updated_20260612_home__20260612_082527,20260612,08:25:27,118,80,83.2693,2540.41932203,disturbed_test,1,D8,135,83.1589395503,83.7100447622,83.3610833684,83.7847708983,4.99010487723,5.43167650789,5.52381872283,5.54403199837,5.53231167526,1.0232507146,0.279690002089,-0.0298805193514,-0.357014499095,-1.10006286732,-0.100327127169,1.02209870013,0.958700438016,-0.0207896758639,0.206491333488,0.122822352218,2.55800008774,3.4430000782,0.000418792033826,-0.000596366816993,0.0373244175164,103.971704111,1.64114885476,0.201748140694,394.443
updated_20260612_home__20260612_090916,20260612,09:09:16,156,60,81.4288,1879.12615385,disturbed_test,1,D8,135,81.1747335943,81.7188864744,81.3660180101,81.7791408014,3.66981724832,4.00589597918,4.08395233236,4.09768639212,4.09304090049,0.730455628953,0.203451720288,-0.0232291440114,-0.264664890695,-0.810961839219,-0.106069002075,1.02352679533,0.957953876831,-0.0230046630203,0.203781773943,0.121038365676,1.5569999218,4.4430000782,0.000828563986537,0.00115540720928,0.0292136446803,144.799747938,1.21975175546,0.476137978155,786.443
updated_20260612_home__20260612_091443,20260612,09:14:43,231,20,41.9155,653.228571429,disturbed_test,1,D8,135,41.9117328754,42.1871708863,41.9880572353,42.230017526,1.27719320962,1.3995670701,1.42625359155,1.43206066638,1.42225843289,0.249579393511,0.0687922882009,-0.00355720495161,-0.0895521511887,-0.278112644633,-0.104253471757,1.02500023902,0.953321514596,-0.0233520491372,0.198235066629,0.118568721147,2.5569999218,2.4430000782,0.00170623445731,-7.14672278638e-05,0.0658158677963,209.57430583,1.63133608071,0.121819807132,326.443
updated_20260612_home__20260612_094031,20260612,09:40:31,190,50,81.9093,1551.96568421,disturbed_test,1,D8,135,81.6582716486,82.2003509469,81.8368666352,82.2721485067,3.03053786218,3.31208401984,3.37389104296,3.3861535816,3.37640525213,0.608826347381,0.161008310938,-0.0203012875728,-0.216192447934,-0.658320941501,-0.10494140538,1.02368965084,0.956511771534,-0.0224738270574,0.202031929917,0.120037456191,2.5569999218,2.4430000782,0.00101168093357,-0.000507273360367,0.0298243946207,180.53499364,1.59412597451,0.0879537411062,149.443
updated_20260612_home__20260612_103120,20260612,10:31:20,294,30,81.5896,999.056326531,disturbed_test,1,D8,135,81.3972799787,81.9318525375,81.5445988268,82.0158204171,1.94148684716,2.13542233239,2.17641523458,2.18570683283,2.1775285472,0.38071515197,0.103621658934,-0.00779155547058,-0.135730296758,-0.427140813686,-0.111166754872,1.02500964379,0.953226630554,-0.0236821067323,0.198746015145,0.118690543813,2.5569999218,4.4430000782,0.00135455691356,0.00367375687383,0.0390939484734,285.377733407,1.72644784782,0.185783944945,430.443
updated_20260612_home__20260612_105433,20260612,10:54:33,115,80,82.6899,2588.5533913,disturbed_test,1,D8,135,82.6001017207,83.1427553131,82.8078216883,83.2266643093,5.09910891808,5.5374076875,5.62332743237,5.64845752883,5.63386847487,1.06289170775,0.284263929728,-0.0336264998451,-0.367011761633,-1.12049939581,-0.0970801421937,1.02085772905,0.959512490573,-0.0201599658191,0.208283754725,0.123797305324,2.5569999218,5.4430000782,0.000535842812445,4.48012857227e-05,0.0376552965231,99.3270095638,1.56720509198,0.0668427921524,56.443
updated_20260612_home__20260612_112334,20260612,11:23:34,233,20,42.0969,650.424206009,disturbed_test,1,D8,135,42.1458431526,42.4301832422,42.2364580225,42.4578582132,1.27330901211,1.39107343268,1.42206753505,1.42721898924,1.4211586206,0.251539482678,0.0655845906928,-0.00729930051401,-0.0875316872999,-0.278197343306,-0.106599339768,1.02530850022,0.956063895908,-0.026060890549,0.199039527822,0.118642010702,3.5569999218,2.4430000782,0.00206102559698,0.00588070044833,0.0194448955705,218.945449952,2.67582314773,1.56225652238,201.443
updated_20260612_home__20260612_124344,20260612,12:43:44,144,60,82.4905,2062.2625,disturbed_test,1,D8,135,82.2022918841,82.7418715418,82.3710377958,82.826929716,4.02468770846,4.40629834718,4.48095924597,4.49670347679,4.48119074882,0.828403156106,0.223944836982,-0.0282200280469,-0.29449012502,-0.897199392137,-0.104272815657,1.02352491904,0.955394441724,-0.0206500210968,0.207608423576,0.123260558174,2.5569999218,8.4430000782,0.000651424769953,0.00062259674014,0.0346086915228,126.923856792,1.55621788089,0.0325002490026,858.443
updated_20260612_home__20260612_130526,20260612,13:05:26,160,50,81.9304,1843.434,disturbed_test,1,D8,135,81.7699565672,82.3137708826,81.952215004,82.3835625333,3.60811676086,3.9384151006,4.01156506003,4.02523001499,4.0120712359,0.729189356483,0.199990686897,-0.0146199987217,-0.256276597753,-0.799844894593,-0.103073811384,1.02359876149,0.956871870374,-0.0221518628069,0.204121551076,0.121862616652,2.5569999218,4.4430000782,0.000776868300083,0.00262529659578,0.0495846496666,145.795328403,1.62491939669,0.131312177176,287.443
updated_20260612_home__20260612_132710,20260612,13:27:10,187,50,80.9501,1558.39764706,disturbed_test,1,D8,135,80.7460872544,81.287149503,80.9282677618,81.3476623577,3.04195174035,3.3254115494,3.39081141597,3.40124804632,3.39587430305,0.608295710905,0.163770757508,-0.0211956625506,-0.219749335345,-0.663236649473,-0.106891033585,1.02408655208,0.957061369285,-0.0229039976359,0.202502934282,0.120175975169,2.5569999218,2.4430000782,0.000915231521551,0.000610798375144,0.0282750000224,177.062004689,1.59501571276,0.211516514689,652.443
updated_20260612_home__20260612_134855,20260612,13:48:55,226,40,82.0904,1307.63469027,disturbed_test,1,D8,135,81.8528046035,82.3931017361,82.0316110755,82.4714143607,2.55166544999,2.79125216709,2.84202169285,2.85426606686,2.84843655483,0.501623635224,0.138639897544,-0.0125983120913,-0.180152852083,-0.559211226111,-0.106847190582,1.02321967503,0.956529016653,-0.0226870407822,0.200498533863,0.119443930724,2.5569999218,2.4430000782,0.00124700801528,-0.000519935474354,0.0249991829888,217.601286626,1.58782739603,0.104281172738,1304.443
updated_20260612_home__20260612_143802,20260612,14:38:02,120,70,83.7309,2511.927,disturbed_test,1,D8,135,83.4803751678,84.0423022943,83.6867309731,84.0993320645,4.92015740654,5.36444842687,5.45802845124,5.46443620882,5.46426777128,1.00523040171,0.277621676751,-0.0287924683989,-0.374264074647,-1.08708284565,-0.102002824032,1.0232010852,0.958956118491,-0.0187444253748,0.207937932445,0.123461661749,2.5569999218,4.4430000782,0.000601639871099,0.000442272841828,0.0438567136987,104.836419107,1.61702227626,0.103961446791,21.443
updated_20260612_home__20260612_150041,20260612,15:00:41,126,70,83.1507,2375.73428571,disturbed_test,1,D8,135,82.9076880143,83.4469900551,83.0938695989,83.5426488571,4.65215095297,5.07927208883,5.15571540347,5.17907716462,5.16691891263,0.950056898189,0.261709724523,-0.0346668858114,-0.337734485574,-1.0194777771,-0.102002380877,1.02161612123,0.95717835521,-0.0197765909151,0.206367208868,0.122325196663,2.5569999218,4.4430000782,0.000587711617111,0.000949529001539,0.0400063622967,111.813697488,1.70905226941,0.108405972529,602.443
updated_20260612_home__20260612_152235,20260612,15:22:35,138,60,82.4105,2149.83913043,disturbed_test,1,D8,135,82.1976555651,82.7428548518,82.370510479,82.8161869181,4.20469569191,4.59867599132,4.67787917217,4.68705806831,4.67030016498,0.844872318333,0.236592719308,-0.00984608797631,-0.299349413703,-0.923259089113,-0.101933631609,1.02411647618,0.955766749285,-0.019349268743,0.202632272346,0.121241587657,2.5569999218,3.4430000782,0.00072040955026,0.000212773284781,0.0305409891354,126.323099959,1.48070885518,0.0890399329856,131.443
updated_20260612_home__20260612_155813,20260612,15:58:13,228,20,42.2381,666.917368421,disturbed_test,1,D8,135,42.2665622993,42.5528131688,42.3674175164,42.5781471155,1.30708270414,1.42541663673,1.45585635609,1.46054348201,1.4580861375,0.249885270504,0.0691844232104,-0.00683037443333,-0.0884699009488,-0.284325327373,-0.106235926087,1.02424325594,0.958145202243,-0.024712901259,0.1966221303,0.117164427051,3.5569999218,2.4430000782,0.00197441565001,0.00247824277467,0.0175550702634,214.3715004,1.62605087709,0.116379167748,844.443
updated_20260612_home__20260612_161743,20260612,16:17:43,197,40,82.6706,1510.73177665,disturbed_test,1,D8,135,82.4398775262,82.9901805929,82.6288365521,83.0562664263,2.95430212659,3.22473646867,3.28454933875,3.29431371737,3.28709701935,0.60405320872,0.167056246032,-0.0205516059284,-0.219448546124,-0.651599678827,-0.103706737404,1.0235430386,0.957409280161,-0.0216819116446,0.207255771067,0.12289383304,2.5569999218,8.4430000782,0.00108795795805,0.0027136764999,0.0409126870733,177.771495395,1.47735195284,0.165335933814,237.443
updated_20260612_home__20260612_164251,20260612,16:42:51,230,40,81.3302,1272.99443478,disturbed_test,1,D8,135,81.1317364687,81.6690273219,81.3104723088,81.7430090112,2.48701529693,2.71725216449,2.76838874493,2.78045421881,2.77248183898,0.510529481441,0.138368796726,-0.0206385792602,-0.183087770607,-0.551012965213,-0.105528296461,1.02338910225,0.9566711587,-0.0233638768228,0.207552847348,0.122889157652,2.5569999218,10.4430000782,0.00112170600328,0.000838983693144,0.0179006118455,213.65303283,1.57196874064,0.158242413082,208.443
updated_20260613_home__20260613_080944,20260613,08:09:44,119,70,83.4525,2524.61344538,disturbed_test,1,D4,135,83.269037167,83.8025588599,83.3894086909,83.9164668347,5.03931889272,5.45518851278,5.50210870528,5.48485399502,5.35551566258,1.04735142241,0.328040539403,-0.0590990826108,-0.416215310268,-1.0492554025,-0.0589106341137,1.02509811511,0.950164000542,-0.00552697730169,0.216116801062,0.126061823566,2.5569999218,4.4430000782,0.0147685788288,0.000265671616067,0.0362633346623,103.402913835,1.50640725172,0.0645807568525,188.443
updated_20260613_home__20260613_085407,20260613,08:54:07,161,50,81.872,1830.67826087,disturbed_test,1,D4,135,81.6350590964,82.1541880269,81.7728640179,82.2736403681,3.66045026341,3.95073368903,3.97915238561,3.97222500788,3.88514306271,0.755837163312,0.242792913357,-0.0366004237662,-0.29428541805,-0.75836850544,-0.0577684632012,1.02303909551,0.952370650255,-0.0055254127682,0.214717827879,0.125616232425,2.5569999218,6.4430000782,0.000804457346763,0.000686637670319,0.0305157283444,146.836781064,1.57513233998,0.180557150434,643.443
updated_20260613_home__20260613_090136,20260613,09:01:36,231,20,42.3598,660.152727273,disturbed_test,1,D4,135,42.4168302764,42.700342834,42.5120272505,42.7336109494,1.33026324232,1.42590041237,1.44176820544,1.43491071198,1.4074566706,0.260422121774,0.082824615642,-0.0124462339235,-0.0975948868685,-0.270371454322,-0.054822547744,1.02393957681,0.956973317677,-0.00639908852239,0.205576293729,0.120614114601,3.5569999218,3.4430000782,0.00144689787409,0.000678691875028,0.0204075548268,215.941085091,1.58874227915,0.0512030403586,447.443
updated_20260613_home__20260613_092646,20260613,09:26:46,190,50,82.4922,1563.01010526,disturbed_test,1,D4,135,82.2794178503,82.8107089832,82.4315552758,82.9142566889,3.1184139117,3.36569612393,3.39910014467,3.39512507858,3.32935045976,0.638533529546,0.198307922191,-0.0354702821096,-0.252758442985,-0.637057448344,-0.0635057020081,1.02335153803,0.953695442952,-0.00886004081072,0.212206282685,0.123841163271,2.55800008774,4.4430000782,0.000983148556741,-0.001238033644,0.0238763245227,180.261629303,1.31714579723,0.408512055527,1508.443
updated_20260613_home__20260613_102710,20260613,10:27:10,230,40,81.992,1283.35304348,disturbed_test,1,D4,135,81.9942156093,82.5274662329,82.1541603537,82.6226810821,2.57944397005,2.77230968909,2.7980682943,2.79064770266,2.73067738883,0.523190617361,0.164775281729,-0.0278547407921,-0.206076643824,-0.526995029214,-0.0553111667541,1.0233480355,0.954550068415,-0.00670683063721,0.211963532857,0.123823856079,2.10899996758,3.89100003242,0.00129315314189,-0.000999911507294,0.0280860795901,220.811335254,1.2430679687,0.386892845466,3180.443
updated_20260613_home__20260613_105317,20260613,10:53:17,301,30,80.4916,962.690232558,disturbed_test,1,D4,135,80.6481618848,81.1719519695,80.7953984254,81.2672213288,1.93202796682,2.0824719655,2.10427385224,2.10025851589,2.05598169431,0.3932241349,0.121611750435,-0.0197606265262,-0.151571856755,-0.39571186512,-0.0603180334112,1.02397614899,0.953446481638,-0.00865524387365,0.210584673518,0.123283244581,2.10899996758,3.89100003242,0.00162833772926,-0.00237079143701,0.0360602295405,295.306926212,1.51334052137,0.407346285442,1069.891
updated_20260613_home__20260613_111857,20260613,11:18:57,119,70,82.0926,2483.47361345,disturbed_test,1,D4,135,82.1056704677,82.6311602368,82.2198951886,82.7447401141,4.97700364897,5.37330571427,5.42650758155,5.41598007335,5.26946356801,1.04831988324,0.313233247485,-0.0600121907759,-0.403292771905,-1.04783335671,-0.055259813894,1.02532955638,0.949689109981,-0.00806324896925,0.217116103197,0.126863974399,2.10899996758,5.89100003242,0.000603464028591,0.000736092103843,0.0402293927745,103.433447113,1.83270240153,0.271913345599,500.891
updated_20260613_home__20260613_115341,20260613,11:53:41,127,70,83.7932,2375.24031496,disturbed_test,1,D4,135,83.7981439595,84.3424640839,83.925100573,84.441720246,4.75379556006,5.13880588421,5.19148895268,5.17161915776,5.04815522869,1.00290676434,0.300678802967,-0.0530286896879,-0.390324410689,-1.01107983682,-0.0581649623782,1.02582925516,0.950683482868,-0.00648384620964,0.217991878166,0.127564082489,2.10899996758,5.89100003242,0.000644439654161,0.00036309060245,0.0463545690013,110.16857497,1.57591220311,0.159976343561,2083.891
updated_20260613_home__20260613_124351,20260613,12:43:51,140,60,82.5327,2122.26942857,disturbed_test,1,D4,135,82.4727525531,83.0008115588,82.5942590261,83.1143381034,4.24948035298,4.59222476204,4.63109038038,4.61725213206,4.50334356284,0.887474510782,0.28247651874,-0.0364329846249,-0.350347705725,-0.899196045199,-0.0561808556584,1.02487721772,0.950414884196,-0.00553864840607,0.217402314189,0.127546504102,2.10899996758,7.89100003242,0.000722587590962,0.00077308654477,0.0363723546638,123.606512179,1.60992572375,1.61329642878,2863.891
updated_20260613_home__20260613_125939,20260613,12:59:39,158,60,81.6324,1859.97873418,disturbed_test,1,D4,135,81.5425230131,82.0673663343,81.6719172295,82.1738119004,3.72058955164,4.0207650129,4.05611724189,4.0436563599,3.951791118,0.770746457604,0.243561846781,-0.0394041513358,-0.305517638279,-0.78447354086,-0.0584051202953,1.02463845369,0.951386381609,-0.00578271114943,0.216613184146,0.126650493203,2.10899996758,5.89100003242,0.000796720619468,0.000534633233159,0.0359796473401,144.279576442,1.68673604279,0.0327994345127,947.891
updated_20260613_home__20260613_131135,20260613,13:11:35,226,20,42.0078,669.15079646,disturbed_test,1,D4,135,42.1415767212,42.4181566184,42.229057293,42.4618280557,1.35256563414,1.4495540876,1.463487489,1.45840311254,1.4262813065,0.268498972759,0.0860132477004,-0.0115064031956,-0.102602420469,-0.277354858338,-0.051547318754,1.02337608364,0.955601045473,-0.0061878769399,0.208656077567,0.122522886195,2.10899996758,5.89100003242,0.00252622175195,0.00423804234165,0.0208283456035,209.953685769,1.73179716239,0.134997132649,715.891
updated_20260613_home__20260613_133232,20260613,13:32:32,201,40,81.8725,1466.37313433,disturbed_test,1,D4,135,81.8510037356,82.3682898786,81.969342185,82.4950078098,2.93616837122,3.17350042898,3.19875799811,3.19521820424,3.11578271029,0.613808177051,0.188777763132,-0.0366883913131,-0.241174242644,-0.615868063125,-0.0574970934819,1.0239677333,0.950261964775,-0.00695216740945,0.217205990956,0.126650648859,2.10899996758,10.8910000324,0.00101326938204,-0.000327833044882,0.0317388962508,184.664583774,1.79752347733,0.137750222419,1256.891
updated_20260613_home__20260613_140329,20260613,14:03:29,248,30,80.7722,1172.49967742,disturbed_test,1,D4,135,80.8249982416,81.3511402426,80.9683717102,81.4442024235,2.35130321209,2.53322887862,2.56078831286,2.55505078956,2.49767141076,0.476141018435,0.150000814205,-0.0265220709204,-0.187518527802,-0.483843316781,-0.0585564489192,1.02447574953,0.952969360779,-0.00873013144123,0.211877297927,0.12370417079,1.10899996758,3.89100003242,0.00175669333077,5.10886691468e-06,0.03402690663,243.838583702,1.54738104832,0.322823905129,1353.891
updated_20260613_home__20260613_142315,20260613,14:23:15,288,30,81.4524,1018.155,disturbed_test,1,D4,135,81.5872174189,82.1171206875,81.7480310106,82.2132814684,2.04470830641,2.19866283745,2.22299230421,2.22178928905,2.17567829296,0.418797770044,0.130317161522,-0.0253945023583,-0.16639014532,-0.422384427219,-0.0602779931814,1.02311620001,0.954740935677,-0.0106437828112,0.214157234817,0.124781619853,1.10899996758,7.89100003242,0.00163500904257,0.00102113487034,0.0147506047691,276.910425567,1.68655611671,0.493629115044,771.891
updated_20260613_home__20260613_144932,20260613,14:49:32,125,70,83.294,2398.8672,disturbed_test,1,D4,135,83.2724285658,83.8050958095,83.3965067527,83.9207571297,4.80561483926,5.19001321937,5.23623332229,5.22431745119,5.0939378223,1.01087217305,0.314885803795,-0.0553341949785,-0.393385582738,-1.02790381808,-0.0564230267394,1.02469851569,0.95057022623,-0.00671312626264,0.21936350511,0.128204118269,2.10899996758,9.89100003242,0.000558106686143,0.000402375658091,0.0418553584806,105.997917797,1.65591182056,0.462143770747,1138.891
updated_20260613_home__20260613_150948,20260613,15:09:48,127,70,83.294,2361.08976378,disturbed_test,1,D4,135,83.3441780781,83.8753938633,83.4624576298,83.9951897952,4.73171200738,5.11384991405,5.15896732632,5.14842381567,5.01710409364,0.991145499614,0.304232114517,-0.0554038832726,-0.386130688435,-0.996436554029,-0.0566927767547,1.02482233038,0.949966484795,-0.0068680618006,0.217190507182,0.126867616141,2.10899996758,3.89100003242,0.000576250567061,-0.00137259979858,0.0483628203347,114.057166763,1.75339422688,0.0989195071671,1215.891
updated_20260613_home__20260613_153216,20260613,15:32:16,143,60,82.9139,2087.34293706,disturbed_test,1,D4,135,82.9198974315,83.4481538699,83.0377216174,83.5678638528,4.1821072737,4.52114245093,4.55820702709,4.54656293956,4.43208208931,0.874935608218,0.273535504403,-0.0441819299871,-0.346148270201,-0.879730511113,-0.0561991168213,1.02477206985,0.949985579818,-0.00571501175834,0.217492873709,0.127177180487,1.10899996758,5.89100003242,0.000921323166986,0.0022074174489,0.035678645215,128.767549719,1.65727735432,0.0669865555673,1347.891
updated_20260613_home__20260613_155444,20260613,15:54:44,157,60,81.8935,1877.81273885,disturbed_test,1,D4,135,81.8232307737,82.3503223986,81.9450180339,82.4563514537,3.75759409922,4.06221821031,4.09859900418,4.08380915422,3.98525614909,0.775994668339,0.243923992886,-0.0405468212516,-0.306267986657,-0.783043203153,-0.0569511735371,1.02529175711,0.950506289978,-0.00540111799101,0.215112363955,0.125714766238,2.10899996758,4.89100003242,0.000765995122586,0.00142525313792,0.0321462222796,144.688931969,1.72821775264,0.0932710967072,1347.891
updated_20260613_home__20260613_160152,20260613,16:01:52,238,20,41.9982,635.266890756,disturbed_test,1,D4,135,42.0996606099,42.3739116613,42.1768294154,42.4219389258,1.28016543592,1.37467924916,1.3894910765,1.38648257406,1.35257599781,0.258692504392,0.077144059348,-0.0114365262968,-0.0982388367698,-0.26236935064,-0.0533733985782,1.02418568655,0.953490451586,-0.00870016124809,0.208710047699,0.122653272487,2.10899996758,3.89100003242,0.00251943008034,-0.00101138932656,0.0231123781674,224.174882191,1.73190403142,0.0984288902717,427.891
updated_20260613_home__20260613_163055,20260613,16:30:55,191,50,83.0139,1564.65989529,disturbed_test,1,D4,135,82.9998877509,83.5336898949,83.140999076,83.642757835,3.13606416077,3.38110946113,3.41284392581,3.40697260053,3.32889879447,0.658806816191,0.202433928331,-0.0419379162189,-0.263258281234,-0.658426725942,-0.0578530897337,1.02390095648,0.95239905713,-0.00775930389775,0.218993859156,0.127431951968,1.10899996758,10.8910000324,0.00100979002862,0.00114572704513,0.0249361713971,174.708123847,1.65285486585,0.471868132849,1742.891
updated_20260613_home__20260613_165521,20260613,16:55:21,222,40,81.0532,1314.37621622,disturbed_test,1,D4,135,81.0508567459,81.5765179985,81.1963228699,81.6738382047,2.64217589293,2.83982414757,2.86754826575,2.86041189159,2.791183017,0.543397675231,0.168806017633,-0.0295983131925,-0.210314466773,-0.553415744233,-0.0532124847876,1.0240407593,0.95318138979,-0.00735216535645,0.215058469721,0.125736718417,2.10899996758,7.89100003242,0.00116807571875,0.00135826708145,0.0274378032648,209.955144314,1.53251773614,0.477813370355,1062.891
updated_20260613_home__20260613_172018,20260613,17:20:18,303,30,81.1533,964.197623762,disturbed_test,1,D4,135,81.1790001991,81.6949243085,81.3051907859,81.8145101717,1.93309897874,2.08353713189,2.10406410366,2.10461299254,2.05061858816,0.400422233783,0.121783191929,-0.0262116506961,-0.159280377621,-0.402811359813,-0.0571819722871,1.02378263385,0.951187863027,-0.0102549632836,0.216137832753,0.125767634173,2.10899996758,10.8910000324,0.00172420810613,0.00326346853214,0.047249901939,289.438977048,1.65167432041,0.270410231508,845.891
updated_20260613_home__20260613_175512,20260613,17:55:12,125,70,83.6741,2409.81408,disturbed_test,1,D3,270,83.6340760759,84.1660672951,83.5892684133,84.291089907,4.69024497533,5.18174632637,5.31861428811,5.34439241852,5.12786841126,1.11748783011,0.198999083271,-0.125359599503,-0.403528436033,-1.00163776637,-0.0852639430015,1.03624712087,0.93273645964,-0.0316889955882,0.221877998252,0.127895483033,2.10899996758,5.89100003242,0.000543917368522,0.000599591984718,0.038657093814,108.446689095,2.05125532045,0.33918372529,615.891
updated_20260613_home__20260613_183906,20260613,18:39:06,157,60,81.9936,1880.10802548,disturbed_test,1,D3,270,81.8317194298,82.3428791215,81.7698230042,82.4848177656,3.64441762231,4.04725275042,4.14313156341,4.16184398167,3.99773095288,0.842745417229,0.155381216926,-0.0890910144337,-0.309347379196,-0.780200651732,-0.0883531737086,1.03607418981,0.930936596874,-0.0286558645957,0.217737786338,0.125869081482,2.10899996758,2.89100003242,0.000883714977873,-0.000174616624193,0.0606963828261,148.778059267,1.70707497362,0.0776852790974,1328.891
updated_20260613_home__20260613_185023,20260613,18:50:23,235,20,42.5929,652.486978723,disturbed_test,1,D3,270,42.6223400919,42.8861861864,42.5649088425,42.9654528743,1.26787846149,1.41356170469,1.44566762509,1.44874562186,1.38215642519,0.279730770271,0.0522529602176,-0.0296451946225,-0.105573748858,-0.264925970295,-0.0821197198329,1.03885138041,0.925838697365,-0.0252830320651,0.210441968688,0.121629562642,2.10899996758,2.89100003242,0.00191547702596,-0.00143677477705,0.0189232683794,221.820836509,1.77015919145,0.0563179143444,675.891
updated_20260613_home__20260613_191132,20260613,19:11:32,190,50,81.6951,1547.90715789,disturbed_test,1,D3,270,81.5205707378,82.0358842297,81.4382385289,82.1650329522,3.00240120448,3.33835481788,3.41839549518,3.42251339992,3.27595164724,0.694175061173,0.126481648225,-0.0726199166799,-0.249181379151,-0.632011094634,-0.083107551354,1.03854512643,0.928631153496,-0.0255682776757,0.215641079361,0.124729131504,2.10899996758,2.89100003242,0.00106282269532,-0.000882855819379,0.0195786878896,181.783940229,1.73296880858,0.208237209304,1268.891
updated_20260613_home__20260613_193810,20260613,19:38:10,238,40,83.6558,1265.38184874,disturbed_test,1,D3,270,83.5400354052,84.0677030918,83.4548351908,84.2009129819,2.45159766452,2.72521338063,2.79657618586,2.80609207677,2.68449736221,0.570452851074,0.0952774603678,-0.0675694811249,-0.206635324431,-0.522936289725,-0.0864899365942,1.03854019299,0.928550243029,-0.0300352184665,0.217301536178,0.125167289437,2.10899996758,3.89100003242,0.0013764659332,-0.0026480897414,0.0461285959619,231.36121566,1.62920580635,0.638954870012,1222.891
updated_20260613_home__20260613_200311,20260613,20:03:11,307,30,81.1353,951.423713355,disturbed_test,1,D3,270,81.0784023191,81.590139196,80.9979498105,81.7201769508,1.84929807342,2.05311887133,2.10369999623,2.10836086818,2.0158717124,0.426594857293,0.0764129854227,-0.0444288583239,-0.156704956556,-0.392341023704,-0.0822151489546,1.03831560389,0.928796973136,-0.0272655927297,0.21647479763,0.125231705623,2.10899996758,9.89100003242,0.00185443040798,0.00140537644642,0.022666900889,293.469045161,1.6968739917,0.528027666452,1109.891
updated_20260614_home__20260614_074215,20260614,07:42:15,116,80,83.0555,2577.58448276,disturbed_test,1,D3,270,82.950862948,83.4652412269,82.8827365238,83.6169883172,5.00563291467,5.55097252766,5.6833651493,5.71569994868,5.47712325172,1.18141568395,0.201234944204,-0.133285970629,-0.425847990837,-1.06920874527,-0.0859355304136,1.03587064307,0.930421665172,-0.0300238142479,0.219517804691,0.126639163755,2.10899996758,2.89100003242,0.0161531746506,0.000286389145584,0.0404249392586,102.163483872,1.64289450225,0.0368673782917,546.891
updated_20260614_home__20260614_081037,20260614,08:10:37,240,20,42.6231,639.3465,disturbed_test,1,D3,270,42.6613589502,42.9238591676,42.6003187155,43.006529711,1.24235664566,1.38497126624,1.41692019206,1.42136999969,1.35394676898,0.277845736074,0.0534598661626,-0.0286204538634,-0.10383419201,-0.25657683559,-0.0818161608559,1.03886407603,0.925155983758,-0.0266869911272,0.211256025027,0.122094087902,2.10899996758,4.89100003242,0.021292342106,0.00276093702563,0.0207979716317,225.552482448,1.7638861156,0.192288339793,1702.891
updated_20260614_home__20260614_104000,20260614,10:40:00,131,70,83.4156,2292.33709924,disturbed_test,1,D3,270,83.3841203965,83.908686437,83.323541525,84.0456259728,4.45895253545,4.93619257299,5.06133548963,5.08625955414,4.87341789317,1.06501530924,0.186014732459,-0.119250926968,-0.386159423968,-0.956665501924,-0.0848752201208,1.03647254417,0.93114642108,-0.030731079982,0.22223855936,0.128145142149,2.10899996758,8.89100003242,0.00559906829736,0.000881941911815,0.0465907934757,110.714974641,1.66554781702,0.0286558215993,4348.891
updated_20260614_home__20260614_112510,20260614,11:25:10,157,60,81.755,1874.63694268,disturbed_test,1,D3,270,81.5948876971,82.1158010668,81.5382151348,82.2340754135,3.6525517061,4.03645952089,4.1361768887,4.14314736828,3.96526126716,0.8449274638,0.165135614058,-0.0827999354768,-0.303366002073,-0.779066705135,-0.0784378165593,1.0374888537,0.931317736473,-0.0267608120907,0.21825421149,0.126494165212,2.10899996758,5.89100003242,0.00647472964655,0.00236595325455,0.0411794148953,142.225522027,1.69307502367,0.0771398280319,1398.891
updated_20260614_home__20260614_114805,20260614,11:48:05,191,50,81.9951,1545.4573822,disturbed_test,1,D3,270,81.8212869508,82.3430527633,81.7375698662,82.4633056768,2.99141515931,3.32523055861,3.41546552402,3.42392751848,3.27484336054,0.695637829811,0.115955053579,-0.0739140225554,-0.24732274681,-0.634187265478,-0.0862486259534,1.0393433228,0.92845040052,-0.0300339808753,0.215084851224,0.124526158363,2.10899996758,3.89100003242,0.00441467337983,0.00083607021634,0.0421118875975,179.37677597,1.75404098334,0.0683631439824,1375.891
updated_20260614_home__20260614_120820,20260614,12:08:20,227,40,81.615,1294.33480176,disturbed_test,1,D3,270,81.5661254244,82.0829459717,81.5025560208,82.2093530653,2.51455793624,2.79144919435,2.85952019524,2.86629071995,2.75070985634,0.58107464156,0.107198657514,-0.059867317971,-0.208406699741,-0.538507686745,-0.0856707571271,1.03737145158,0.930630936087,-0.0271508703375,0.216949316431,0.125633328508,2.10899996758,6.89100003242,0.0171197392821,0.00219648572738,0.0273959070544,215.314748361,1.68801968918,0.0707412649327,1215.891
updated_20260614_home__20260614_122724,20260614,12:27:24,287,30,81.4349,1021.4830662,disturbed_test,1,D3,270,81.336760169,81.8462558324,81.2237691491,81.9852084236,1.97794315269,2.20708322782,2.26137377711,2.26477832976,2.16026256367,0.450306975596,0.0803682939546,-0.0500148253902,-0.165822574737,-0.419453072641,-0.0838524580725,1.04005244865,0.925387707799,-0.0265351675413,0.214500678768,0.123819417518,2.10899996758,4.89100003242,0.0219219147889,0.00373502500632,0.04303219014,277.747652898,1.71823067686,0.0729123508662,1144.891
updated_20260614_home__20260614_125733,20260614,12:57:33,124,70,84.0559,2440.33258065,disturbed_test,1,D3,270,83.9838843488,84.5161983968,83.9456547497,84.645560765,4.74951051603,5.2468355124,5.38004914194,5.4068470567,5.19537363977,1.12487230112,0.194422635496,-0.130277499403,-0.400258069141,-1.01925404061,-0.0858134871439,1.03547647987,0.933469163484,-0.0307967801514,0.220880478042,0.127303665448,2.10899996758,6.89100003242,0.00399000196101,0.00165515254312,0.0468022222683,105.673922435,1.69726942357,0.256280884018,831.891
updated_20260614_home__20260614_132044,20260614,13:20:44,126,70,81.9151,2340.43142857,disturbed_test,1,D3,270,81.9464958814,82.4555576447,81.8865805052,82.6034695006,4.56272444424,5.04494181294,5.16693580225,5.19871810031,4.97614560955,1.08388868675,0.19450537412,-0.119824115869,-0.405917728039,-0.975656104811,-0.082851706953,1.03548024836,0.931197456238,-0.030817551123,0.222833790133,0.128399081876,3.10899996758,4.89100003242,0.00437470175191,0.00235275722015,0.0432974036483,110.832410594,1.71659509768,0.0550107398091,1391.891
updated_20260614_home__20260614_134301,20260614,13:43:01,141,60,82.2752,2100.64340426,disturbed_test,1,D3,270,82.1857481742,82.7057718423,82.1359084046,82.8344047739,4.08475671268,4.52942958302,4.63353362119,4.64377694124,4.46610150722,0.955215143109,0.178512349342,-0.0979561610855,-0.347154735622,-0.873960382244,-0.085283040761,1.03623241313,0.932155860361,-0.0255723706001,0.219415227997,0.12694559712,2.10899996758,4.89100003242,0.0389044018811,0.00147974063758,0.0453055289826,127.593468754,1.77172825547,0.51669278337,955.891
updated_20260614_home__20260614_140554,20260614,14:05:54,155,60,81.575,1894.64516129,disturbed_test,1,D3,270,81.4158986819,81.9268557321,81.3395709124,82.0633671006,3.67835971759,4.08035566438,4.18100929817,4.1960837623,4.01308226256,0.860260592254,0.149870857064,-0.095352243511,-0.306826145416,-0.790477243068,-0.0830622761997,1.03752840774,0.929317739626,-0.0287182305998,0.218650953401,0.126315037076,2.10899996758,4.89100003242,0.00529273249506,0.000179818965606,0.0315364715171,142.718433975,1.74909813755,0.0637863794605,1373.891
updated_20260614_home__20260614_141152,20260614,14:11:52,248,20,41.9688,609.224516129,disturbed_test,1,D3,270,42.0087855311,42.2687834018,41.9384527282,42.3472305665,1.18518840454,1.3221906679,1.35267311564,1.35370673818,1.28464705019,0.258860522947,0.0509864977697,-0.0260636901543,-0.0953076966939,-0.250728839883,-0.0765254171645,1.0407730146,0.922993328932,-0.0242490776952,0.209881392427,0.121653542381,2.10899996758,3.89100003242,0.0262041064485,0.00171245391211,0.0211942152103,235.017335849,1.69795572206,0.115558665729,358.891
updated_20260614_home__20260614_143655,20260614,14:36:55,191,50,81.1348,1529.24230366,disturbed_test,1,D3,270,81.0024684603,81.5093137604,80.9280252958,81.6482378765,2.96426571791,3.29368368165,3.3746569564,3.38878010553,3.24709272354,0.683688983668,0.129926970667,-0.0754562778496,-0.251151776133,-0.632610822252,-0.0869248447901,1.03717652954,0.929501249729,-0.0292272015106,0.217947210727,0.125701707559,2.10899996758,4.89100003242,0.00594611652563,0.00105192287631,0.0385265672605,179.557219323,1.90049300781,0.748475586958,1503.891
updated_20260614_home__20260614_150839,20260614,15:08:39,219,40,81.4757,1339.32657534,disturbed_test,1,D3,270,81.3345752072,81.8499541125,81.2686867459,81.9759894501,2.60029239898,2.88415658171,2.95609449743,2.96415288061,2.84074992445,0.608569131236,0.106662106302,-0.06526404203,-0.220981549823,-0.553648761797,-0.0843980317239,1.03755770043,0.930361561488,-0.0280778493383,0.218333011164,0.12618087484,1.10899996758,4.89100003242,0.052793613158,0.00222883912719,0.0143052259618,210.104519615,1.76867675324,0.212575320172,1204.891
updated_20260614_home__20260614_152508,20260614,15:25:08,288,30,81.6359,1020.44875,disturbed_test,1,D3,270,81.5774977005,82.0867766688,81.4903988929,82.229281761,1.98110849162,2.20240914614,2.25549446882,2.26308598379,2.16384725107,0.45290736312,0.0804061301731,-0.0504452132936,-0.167126246081,-0.419377999362,-0.0840878330001,1.03787309707,0.928218623489,-0.0279206436904,0.21540011757,0.124294616019,2.10899996758,4.89100003242,0.0231771849263,0.00231623273968,0.0239920634131,279.255210321,1.52162408172,0.500193335153,572.891
updated_20260614_home__20260614_160338,20260614,16:03:38,120,70,82.9165,2487.495,disturbed_test,1,D1,0,82.8068075919,83.3285652162,82.9358045545,83.4598523866,5.13513402872,5.46616940982,5.41577232958,5.32305131081,5.12840602215,0.90703731424,0.367813218879,0.105477816456,-0.254456850152,-1.15066931268,0.00127094436092,1.02305864645,0.951277234624,0.0270355176963,0.21047290394,0.121697482988,3.10899996758,2.89100003242,0.00086161453264,0.000156881844328,0.0356104038949,106.321142757,2.70295594653,1.47434777385,896.891
updated_20260614_home__20260614_162605,20260614,16:26:05,125,70,81.8961,2358.60768,disturbed_test,1,D1,0,81.8891968431,82.4141620185,82.0549107145,82.5248435838,4.9007155297,5.1855428695,5.13414531992,5.03844902063,4.86627068107,0.851439288969,0.359135557907,0.0918812378577,-0.250048532604,-1.09522547786,0.00685466257322,1.02171544273,0.955300661007,0.0292722639425,0.210763549365,0.122034045599,2.10899996758,3.89100003242,0.00324288238097,0.000633931125693,0.0400002461184,111.253560476,1.60992427768,0.138628808914,1345.891
updated_20260614_home__20260614_164616,20260614,16:46:16,138,60,82.4964,2152.08,disturbed_test,1,D1,0,82.4017844763,82.9357915755,82.566733512,83.0353203992,4.48084360855,4.73131352074,4.68398947545,4.58570479611,4.41718915784,0.775432900393,0.332422139741,0.0954210293444,-0.214051128102,-1.00450654864,0.0138989340075,1.02274797572,0.955030081919,0.0317936300104,0.211522726466,0.12200755889,2.10899996758,3.89100003242,0.00154286459255,0.00178735745006,0.0398785013181,124.45951364,1.73344742259,0.084434685261,1211.891
updated_20260614_home__20260614_170947,20260614,17:09:47,156,60,81.8561,1888.98692308,disturbed_test,1,D1,0,81.7461388148,82.2715080845,81.8694406093,82.3799400137,3.90904918973,4.15062087648,4.1197954233,4.03985791659,3.87763714313,0.684088458138,0.291950592668,0.0789550243532,-0.197825496498,-0.870718466788,0.00781512371569,1.02497972597,0.950699773431,0.0275571421917,0.211329273722,0.122002090527,2.10899996758,5.89100003242,0.0249617736002,0.000919631656251,0.0457093795464,141.755500192,1.71745862591,0.114279271851,1409.891
updated_20260614_home__20260614_172958,20260614,17:29:58,237,20,42.0096,638.120506329,disturbed_test,1,D1,0,42.0616968086,42.329806448,42.1211245742,42.3902305073,1.33085997751,1.41167026084,1.39523623695,1.36368247558,1.30547563552,0.222230085388,0.0966856474233,0.0270223085972,-0.0583518552235,-0.287471791204,0.0186459697564,1.0248653553,0.949910106354,0.0352492411583,0.203252343714,0.117338809593,2.10899996758,3.89100003242,0.0134142229263,0.00225516441923,0.020744100396,222.383084368,1.69724005534,0.118108701963,1211.891
updated_20260614_home__20260614_174251,20260614,17:42:51,192,40,80.7557,1514.169375,disturbed_test,1,D1,0,80.5880345487,81.104772925,80.6942244598,81.2143635129,3.12053556211,3.32845512855,3.30299923561,3.23624072679,3.10951730191,0.541932284956,0.226968360317,0.0613952214817,-0.154818381009,-0.688156925942,0.00342229864541,1.02591966431,0.949023839232,0.028642019372,0.207888852327,0.120176827738,1.10899996758,4.89100003242,0.0529701034229,0.00191013189976,0.0386832839123,180.123941879,1.73282969405,0.075369798072,773.891
updated_20260614_home__20260614_180540,20260614,18:05:40,228,40,81.2564,1282.99578947,disturbed_test,1,D1,0,81.1115024241,81.6275454319,81.2771802388,81.7452725337,2.67433898328,2.81912427929,2.78616449939,2.73358772468,2.63140014239,0.455304058528,0.198631569935,0.057166855248,-0.126172069912,-0.59119572266,0.0157347198522,1.02097581022,0.955522116378,0.0313444353939,0.209382266987,0.120622030693,2.10899996758,4.89100003242,0.00155240321383,0.00405400667495,0.0140239767546,218.049487309,1.76196722351,0.207273039004,722.891
updated_20260614_home__20260614_183026,20260614,18:30:26,298,30,80.4961,972.436107383,disturbed_test,1,D1,0,80.5169925466,81.0292930027,80.6557148858,81.1464841082,2.02832992232,2.1442161176,2.12002349186,2.07717497789,1.99329014487,0.339616760898,0.151392264204,0.0449237126246,-0.0883300260902,-0.444991714328,0.0169061373514,1.02287773926,0.952676493654,0.032346287524,0.206359336582,0.118737378504,2.10899996758,2.89100003242,0.0407080536034,0.00105049581548,0.0299478954574,292.963450886,2.04665782017,0.659948208423,1094.891
updated_20260614_home__20260614_185836,20260614,18:58:36,115,80,82.0167,2567.47930435,disturbed_test,1,D1,0,81.9621352057,82.4842775292,82.081993623,82.6025766787,5.2991245337,5.64199369389,5.60120672785,5.50185041457,5.29146557687,0.925393831535,0.376538779448,0.0918250009369,-0.264322682732,-1.17218068624,0.00140091041545,1.02452449144,0.95035339758,0.025633801599,0.20707478463,0.120339444041,2.10899996758,0.891000032425,0.00402515987126,0.0811666054811,0.0366188901487,103.990910093,1.72493732427,0.425822757494,1214.891
updated_20260614_home__20260614_191724,20260614,19:17:24,124,70,81.5968,2368.93935484,disturbed_test,1,D1,0,81.5460427384,82.065775468,81.6736824594,82.1828432932,4.90740451344,5.20517779439,5.16538712875,5.0740042591,4.87080818989,0.868273719176,0.352108340689,0.0915558272245,-0.23367775205,-1.08997640926,0.00725461682168,1.02395270121,0.951263695151,0.0260029872754,0.208985040616,0.121302570719,2.10899996758,3.89100003242,0.0009283439296,-3.77548591756e-06,0.0349826865275,110.020553128,1.59352812537,0.0575485879433,1128.891
updated_20260614_home__20260614_202100,20260614,20:21:00,183,50,80.7365,1588.25901639,disturbed_test,1,D1,0,80.585176677,81.1037374504,80.7042465503,81.2093220979,3.28772392122,3.49430801952,3.46302218911,3.38902331433,3.25431461421,0.563585839987,0.237859889268,0.0682689956135,-0.156054539277,-0.723823927821,0.00989120423761,1.02526699319,0.950417496724,0.0311707310045,0.207194762642,0.119581077655,2.10899996758,3.89100003242,0.00140345569789,-0.00547923868157,0.0230847431237,172.667876295,1.70883547975,0.0649666523642,1090.891
updated_20260614_home__20260614_204622,20260614,20:46:22,234,40,81.8672,1259.49538462,disturbed_test,1,D1,0,81.8198749714,82.3457436126,81.9765412645,82.4536924141,2.62477071046,2.77345006503,2.74253669609,2.68495419104,2.58425685893,0.445472788017,0.193598424916,0.0571886472816,-0.122432455708,-0.576600481981,0.0151058712266,1.02257387543,0.95431326172,0.0329963019105,0.208097848352,0.11978647564,2.10899996758,2.89100003242,0.00181633058402,0.00181671688769,0.0359388498136,227.751092818,1.98339045427,0.652598121349,1198.891
updated_20260614_home__20260614_211209,20260614,21:12:09,289,30,81.8172,1019.17619377,disturbed_test,1,D1,0,81.8636707433,82.3848541059,82.020909553,82.5030991697,2.13158253605,2.24840042239,2.22015048326,2.17449714351,2.08977392143,0.352400081393,0.161940050588,0.0464111655117,-0.0950002953126,-0.463350744,0.019241098117,1.02175433633,0.954432336401,0.0340116565233,0.206012641764,0.118403433137,1.10899996758,2.89100003242,0.0887194019462,7.59396878659e-05,0.020588514024,282.704036741,1.87950920937,0.525160747604,1165.891
updated_20260614_home__20260614_211852,20260614,21:18:52,226,20,42.1712,671.753628319,disturbed_test,1,D1,0,42.246439038,42.5133240941,42.3148496903,42.5788305453,1.40927881897,1.48635937965,1.46684648673,1.43562609349,1.37188329805,0.240097016361,0.108941108189,0.0287024270799,-0.0679814167297,-0.302964437907,0.0260777906651,1.02290634483,0.951805593347,0.0353788898677,0.208838779569,0.120189104891,2.10899996758,3.89100003242,0.00590587685044,0.00124055387075,0.0183552737642,211.24714054,1.6889686678,0.0702390007173,403.891
updated_20260615_home__20260615_082503,20260615,08:25:03,123,70,82.4357,2412.75219512,disturbed_test,1,D1,0,82.3519424952,82.8810004738,82.4659039083,82.9908211754,4.98575743704,5.29679944289,5.2674793334,5.17221405587,4.95558789507,0.874370696737,0.366795583683,0.0922618299288,-0.248772892008,-1.1031240294,0.00587462655093,1.02568590465,0.94959714526,0.0242593216435,0.209155070966,0.12118181711,3.10899996758,2.89100003242,0.000648503662438,-0.00365385538701,0.0403427549364,109.439893554,1.70340548789,0.0951119383044,1344.891
updated_20260615_home__20260615_084347,20260615,08:43:47,139,60,82.0162,2124.16057554,disturbed_test,1,D1,0,81.9897129847,82.5117516512,82.1277919948,82.6303780076,4.41500977725,4.67585609706,4.62950363801,4.54080105727,4.36225922552,0.769152866888,0.320508703677,0.0948801281275,-0.214364884539,-0.97490154281,0.0116583896017,1.02316573569,0.95232673363,0.0298484891592,0.209853956499,0.120980578662,2.10899996758,2.89100003242,0.000847551672551,0.000174239838168,0.0385799384987,127.471920125,1.73490740386,0.125033678764,1122.891
updated_20260615_home__20260615_090717,20260615,09:07:17,158,60,82.3763,1876.92835443,disturbed_test,1,D1,0,82.225943865,82.7545956173,82.3606167422,82.863084578,3.89180246045,4.12789920437,4.08856205884,4.00305344692,3.84762481801,0.677254576431,0.293412374794,0.081066960923,-0.192666657183,-0.868464987057,0.0110671303279,1.02424318413,0.951847539935,0.0312756451514,0.211721198207,0.122089417002,2.10899996758,4.89100003242,0.000936555455066,0.00107221038897,0.051819489218,144.114242534,1.70329330628,0.138855140996,1409.891
updated_20260615_home__20260615_091320,20260615,09:13:20,250,20,41.8788,603.05472,disturbed_test,1,D1,0,41.9421865977,42.2067770183,42.0029934787,42.2726932893,1.26280527338,1.33491386102,1.31764115829,1.28899256958,1.23071923299,0.210506729869,0.0935726130276,0.0276570708204,-0.0596843893849,-0.271228846376,0.0249305989956,1.02379673358,0.950309994779,0.0356804793772,0.205949409631,0.118267539609,4.10899996758,4.89100003242,0.00340047414211,0.00311117485912,0.0219548523248,233.95751653,1.68609403206,0.174965011417,362.891
updated_20260615_home__20260615_093814,20260615,09:38:14,190,50,81.1561,1537.69452632,disturbed_test,1,D1,0,81.0776212244,81.5968807518,81.2222299183,81.7078121015,3.19995268403,3.38185409637,3.34868281189,3.28287514388,3.15267071212,0.549274789541,0.24013264779,0.0650440660119,-0.159973389252,-0.708743781098,0.0144451513787,1.02305864559,0.953170514083,0.0302391354329,0.210578631476,0.12143140253,2.10899996758,6.89100003242,0.00101000185223,0.000543619958572,0.0250413423579,176.467345449,1.66152986089,0.566461776511,1491.891
updated_20260615_home__20260615_100425,20260615,10:04:25,223,40,80.856,1305.29865471,disturbed_test,1,D1,0,80.793668967,81.3132939387,80.9709534953,81.4188040107,2.72898427029,2.8664824413,2.83724937572,2.7843704356,2.67774747119,0.465427543987,0.202523147751,0.0569940884983,-0.127854298297,-0.605146130084,0.0184373556097,1.02097275035,0.95679924062,0.0295476742423,0.209854282424,0.121049452947,2.10899996758,3.89100003242,0.00109596989301,0.00621419494636,0.0357981483548,214.384109021,1.54745827694,0.546572129009,1193.891
updated_20260615_home__20260615_102727,20260615,10:27:27,302,30,80.5959,960.745827815,disturbed_test,1,D1,0,80.5969181039,81.1066917392,80.7212021574,81.2304926082,1.99799580961,2.11796698091,2.09530811594,2.05455564488,1.97053580249,0.337266676593,0.148326449068,0.0422432547453,-0.0932915797473,-0.436480534103,0.0134129714085,1.02346323993,0.951110866978,0.0309735694379,0.206637564732,0.119009799592,2.10899996758,2.89100003242,0.00178117662154,0.00366683685077,0.0280189807465,295.952291357,1.33535792536,0.750338146195,1012.891
updated_20260615_home__20260615_110318,20260615,11:03:18,120,70,84.2777,2528.331,disturbed_test,1,D2,90,84.2062209631,84.7391773195,84.3128070366,84.8681616829,5.21452435483,5.5245576357,5.51844622239,5.4556916559,5.20194571674,1.03084609181,0.37219262048,-0.000116383669992,-0.382412400698,-1.0574670921,0.00233671943141,1.02515554007,0.948655152988,0.0127931555128,0.211258933535,0.125651323873,3.10899996758,4.89100003242,0.000540361996565,-0.000909314593647,0.0346602563959,104.032237465,4.61883288992,0.977020202403,735.891
updated_20260615_home__20260615_112244,20260615,11:22:44,127,70,83.8176,2375.9319685,disturbed_test,1,D2,90,83.7798820784,84.3149011047,83.8740706932,84.4335989648,4.88755545116,5.18931580646,5.1955444721,5.13549020313,4.89352522176,0.970542919974,0.339672256672,-0.0120164007499,-0.356910771936,-0.999373042217,-0.00117972982783,1.02672936569,0.947337961007,0.0106368693123,0.21172837024,0.12553491888,2.10899996758,3.89100003242,0.000700967549387,0.00188724736288,0.0408790713247,113.225028952,1.65795027299,0.209154443276,1164.891
updated_20260615_home__20260615_112934,20260615,11:29:34,230,20,42.171,660.067826087,disturbed_test,1,D2,90,42.2873844566,42.5662345921,42.3668418522,42.6074801613,1.37922725041,1.44540788228,1.44518080424,1.42326924881,1.35695384554,0.258219064567,0.0979432345589,-0.0015816092628,-0.0939264761945,-0.271258536575,0.0157966535854,1.02494525054,0.953812845054,0.0157010715652,0.205085083345,0.121696332173,3.10899996758,2.89100003242,0.00168755997305,0.00589725805739,0.0203125028156,215.807140656,1.61534353343,0.0918587462482,409.891
updated_20260615_home__20260615_124408,20260615,12:44:08,138,60,81.5167,2126.5226087,disturbed_test,1,D2,90,81.4852676049,82.0019098152,81.5556624547,82.125374995,4.38186800126,4.65072818726,4.65500973799,4.59981579294,4.36067891853,0.867388926756,0.31276576291,-0.00453814889775,-0.314878854243,-0.8934569769,0.00467789398139,1.02768214704,0.945084628374,0.0112398816859,0.211322680693,0.125559913496,2.10899996758,6.89100003242,0.000763390614846,0.00186457478703,0.0325856984048,122.906286304,1.66847787858,0.0348776190781,103.891
updated_20260615_home__20260615_130315,20260615,13:03:15,154,60,80.9167,1891.55922078,disturbed_test,1,D2,90,80.7822564841,81.2898613773,80.8749271207,81.421346155,3.90051763084,4.13522043449,4.12590495895,4.0773056869,3.88212094361,0.758060043197,0.28216626327,0.00542435751281,-0.290125212365,-0.781256982118,0.00457149832026,1.02526978678,0.947654650885,0.0143915677894,0.210429454774,0.124624738793,2.10899996758,4.89100003242,0.000838979170427,-0.00129754423858,0.0316239849684,142.010878032,2.25115672266,0.579547144561,1146.891
updated_20260615_home__20260615_132331,20260615,13:23:31,187,50,81.5173,1569.31700535,disturbed_test,1,D2,90,81.4312626823,81.9629438977,81.5804728828,82.0533429052,3.25936339274,3.42018814621,3.42121258802,3.37679903739,3.22134897138,0.62158357219,0.236208557086,0.00655187163039,-0.227345016678,-0.647449200536,0.011382304743,1.02438187596,0.953468380779,0.0129915974357,0.208293594695,0.1233444358,2.10899996758,2.89100003242,0.00107272743739,-0.00163900917823,0.0311714596695,178.09227965,1.71738246531,0.131237123067,1215.891
updated_20260615_home__20260615_134958,20260615,13:49:58,226,40,81.1372,1292.45097345,disturbed_test,1,D2,90,81.1000836488,81.6215516139,81.2339511155,81.728425855,2.67713180182,2.81824032309,2.81904998558,2.78816251485,2.65994294505,0.512623749681,0.18769455637,0.00229511156403,-0.189197105181,-0.533193880308,0.00624480375791,1.02417596301,0.951960624511,0.0109274288766,0.207084693682,0.122995281453,2.10899996758,2.89100003242,0.00122123763657,0.00019114649919,0.0187468882968,218.229753832,1.57422565808,0.525883060787,1218.891
updated_20260615_home__20260615_141432,20260615,14:14:32,295,30,80.837,986.485423729,disturbed_test,1,D2,90,80.9217951609,81.4395059004,81.0638596569,81.5513963444,2.05220876845,2.15612822841,2.15281425643,2.12863794639,2.03086854611,0.389132143401,0.150946954397,-0.000450360940467,-0.14602845527,-0.407102951096,0.0101420571089,1.02313672227,0.952928852586,0.0130649065318,0.207907317495,0.12337209263,2.10899996758,4.89100003242,0.00165055396678,0.0011800781211,0.0435902741061,288.913229543,1.58841111151,0.570022034339,1061.891
updated_20260615_home__20260615_143858,20260615,14:38:58,118,80,84.0883,2565.40576271,disturbed_test,1,D2,90,84.0072893,84.5454235488,84.1145674829,84.6608089711,5.30115286351,5.60401929494,5.60331341291,5.53237958103,5.26361507705,1.02578392183,0.380011926222,0.00664829375309,-0.381861518274,-1.07855276731,0.00687392437896,1.02607948692,0.948670037615,0.0131186738047,0.210431284774,0.124859771048,2.10899996758,3.89100003242,0.000592989187718,-0.000900500680681,0.0371675380263,104.511506566,1.64887939501,0.37616511742,959.891
updated_20260615_home__20260615_150101,20260615,15:01:01,125,70,83.418,2402.4384,disturbed_test,1,D2,90,83.3916494809,83.920758909,83.5064555642,84.0456488666,4.96452277759,5.25027385086,5.24403695593,5.18462481767,4.94468219966,0.977953524647,0.356424503529,0.00246149001706,-0.352330650718,-1.01807397069,0.00387690888534,1.02470066848,0.949621581582,0.0128280194752,0.211601474428,0.125878982681,2.10899996758,4.89100003242,0.000594389989997,9.68045785396e-05,0.0349207263322,110.864930557,1.64451109952,0.065528198716,1322.891
updated_20260615_home__20260615_152340,20260615,15:23:40,141,60,82.4977,2106.32425532,disturbed_test,1,D2,90,82.4388117606,82.9638687691,82.5418304629,83.0833862472,4.35004510425,4.60419160166,4.60052234897,4.54365060032,4.32639059075,0.847133024977,0.30838914652,0.000299114950877,-0.317729390296,-0.877816250511,0.00527418599883,1.02576662858,0.948468010644,0.0134986712664,0.209711292985,0.124685857685,2.10899996758,3.89100003242,0.000747601880289,0.00152335923036,0.0437161552119,127.333347076,1.71776861139,0.108031779088,1358.891
updated_20260615_home__20260615_154558,20260615,15:45:58,160,50,81.8579,1841.80275,disturbed_test,1,D2,90,81.7880110786,82.305455056,81.8820795287,82.4313127679,3.79688169748,4.02684972217,4.02255467797,3.97475954725,3.78571019197,0.738814637806,0.27033065883,0.00470444984099,-0.269468484977,-0.769000395411,0.00284889188216,1.02580832634,0.947633361508,0.013283731218,0.209348108779,0.124304625685,2.10899996758,3.89100003242,0.000817197626213,0.00292124153004,0.0429129144082,147.905954919,1.70026701828,0.106790866983,1336.891
updated_20260615_home__20260615_155125,20260615,15:51:25,239,20,42.1816,635.371380753,disturbed_test,1,D2,90,42.3175964812,42.5956948911,42.413329281,42.6386739992,1.3337447494,1.39049110412,1.38829703782,1.36910232765,1.30788828826,0.249713141012,0.098076867716,0.00263803168099,-0.0909663008952,-0.261727927713,0.0190414401816,1.0223817889,0.957254430035,0.015751308946,0.207119768645,0.12256221293,2.10899996758,3.89100003242,0.00104922210186,0.00161693791856,0.0173184825491,225.058773057,1.74971740798,0.0777926690952,326.891
updated_20260615_home__20260615_161951,20260615,16:19:51,189,50,82.0182,1562.25142857,disturbed_test,1,D2,90,81.9857008798,82.5121658517,82.1004418895,82.6219731129,3.22784226121,3.4147526007,3.41237079853,3.36786192469,3.2138754689,0.627128410062,0.23383767229,0.00603616142982,-0.230772860818,-0.654262787611,0.00419758418165,1.02555499952,0.949739618255,0.014092538605,0.210623209,0.124820769954,2.10899996758,6.89100003242,0.00104630602129,0.00288819556734,0.0478965255386,178.446586881,1.97785387781,0.974597125997,1705.891
updated_20260615_home__20260615_164538,20260615,16:45:38,233,40,81.4281,1258.11656652,disturbed_test,1,D2,90,81.4167114676,81.9383800129,81.5397071797,82.0496387434,2.59973944163,2.74744245094,2.74654734518,2.71457099366,2.59322595073,0.500907460967,0.18854117564,-0.00126394317001,-0.188824594952,-0.51572690241,0.00243013027447,1.02471438993,0.950741964484,0.012264072325,0.208224654144,0.123535892932,2.10899996758,4.89100003242,0.00127437485868,-0.00144743902501,0.0220862085162,222.351870821,1.65351078367,0.259707467344,1007.891
updated_20260615_home__20260615_171343,20260615,17:13:43,298,30,81.098,979.70738255,disturbed_test,1,D2,90,81.1821937759,81.7122657101,81.330725534,81.8023568009,2.03877811762,2.14127069044,2.14034095445,2.11093953662,2.01546537926,0.382376028527,0.146116832918,0.00219383191594,-0.14072564431,-0.398930710702,0.0111578427099,1.02440079486,0.953443804607,0.0145169665689,0.204913197076,0.121514266174,2.10899996758,2.89100003242,0.00173552846815,-0.0011424307703,0.0372080191622,291.852594268,1.34153504639,0.728822909805,1292.891
updated_20260615_home__20260615_173454,20260615,17:34:54,118,80,83.7794,2555.98169492,disturbed_test,1,D2,90,83.7455813064,84.2759523271,83.8352986102,84.4038088064,5.26207972769,5.59029611796,5.58782800438,5.52144822785,5.2599414416,1.04370552691,0.37239865057,-0.00156774152661,-0.376672914132,-1.0790544355,0.000392755495345,1.02635945989,0.946927938749,0.0126458228935,0.211111760712,0.125680493762,2.10899996758,3.89100003242,0.000696057429576,-0.000330900304861,0.045295232214,104.048818613,1.55615241468,0.545911599432,780.891
updated_20260615_home__20260615_175827,20260615,17:58:27,125,70,82.7589,2383.45632,disturbed_test,1,D2,90,82.711558869,83.2336551915,82.7827021797,83.3637714238,4.89746533329,5.20607382221,5.2148969745,5.16142465353,4.90067863818,0.971109156912,0.341188869214,-0.0127003147653,-0.358509298106,-1.00159209374,-0.000633025335251,1.02734163523,0.945082750135,0.00879594557438,0.211587286474,0.125397546109,2.10899996758,3.89100003242,0.000592915745922,0.00119704493755,0.0431800600134,110.658710487,2.75300555824,1.44931067257,1274.891
updated_20260615_home__20260615_181821,20260615,18:18:21,138,60,81.7385,2132.30869565,disturbed_test,1,D2,90,81.5816296269,82.0962997713,81.6698768734,82.2249573187,4.38090741062,4.65236477942,4.65294152739,4.60402177537,4.3853274306,0.855894059315,0.309566319928,0.00221157351845,-0.321719631804,-0.886740127132,-0.000974621886526,1.02598148128,0.947047186214,0.0106597142051,0.209576425487,0.124520565247,2.10899996758,3.89100003242,0.000815018302797,0.00152159228521,0.0402906060934,125.337988466,1.70435996708,0.0595126442793,1192.891
updated_20260615_home__20260615_184806,20260615,18:48:06,230,20,42.1015,658.98,disturbed_test,1,D2,90,42.2414110437,42.5228208916,42.3461042101,42.5577132779,1.37835744893,1.44040611128,1.43971973586,1.41912953719,1.36419152963,0.259780788748,0.0999305380143,-0.000714290137367,-0.0985671920682,-0.2680207174,0.0100584442312,1.02226621308,0.959088927614,0.0151073311584,0.206485011199,0.122395139289,2.10899996758,4.89100003242,0.00264532200248,-0.00079016200182,0.020247494101,214.978331783,1.74171141215,0.0975540059817,419.891
updated_20260615_home__20260615_191512,20260615,19:15:12,189,50,81.9186,1560.35428571,disturbed_test,1,D2,90,81.8239356723,82.3437496001,81.9383518928,82.4649196947,3.22183307548,3.40658935688,3.40296331099,3.36440499124,3.20928815238,0.625968954589,0.225948858291,0.000265016995935,-0.229251833122,-0.641397429147,0.00377743556101,1.02467544242,0.949804548226,0.0127022478874,0.207506643464,0.123450905619,2.10899996758,3.89100003242,0.00112920592423,-0.00101920409572,0.0471538865893,180.067268654,1.76836440636,0.438588816515,1625.891
updated_20260615_home__20260615_194133,20260615,19:41:33,218,40,82.3988,1360.71412844,disturbed_test,1,D2,90,82.3745699372,82.8967549374,82.4995774752,83.0209093855,2.82304151091,2.97105166733,2.96760502317,2.93685401591,2.79465493161,0.546168018525,0.198403847988,-0.00456357920379,-0.202076971036,-0.555991338536,0.00979306340228,1.0237916952,0.95087781419,0.0117978205481,0.207987609616,0.123294368958,2.10899996758,3.89100003242,0.00107126956358,-0.00168130162576,0.0197878323214,209.591056386,1.80868555085,0.632115080932,1243.891
updated_20260615_home__20260615_200106,20260615,20:01:06,285,30,82.0587,1036.53094737,disturbed_test,1,D2,90,82.1159742558,82.6512654021,82.2594212556,82.744311605,2.15040489518,2.26147112149,2.26451946822,2.23716714832,2.13553456687,0.408478727711,0.153967060465,-0.000645219149374,-0.15438459146,-0.424054320629,0.00672920512844,1.02475316635,0.952719290815,0.0109981714955,0.206628631958,0.122647392904,2.10899996758,2.89100003242,0.00149197214457,-4.47350440529e-05,0.0131963182773,278.178772871,1.52860669123,0.403924010555,730.891
