point_id,x_mm,y_mm
0,-77.9355317,0.0335551
1,-77.9329625,0.2018008
2,-77.9333324,0.3704782
3,-77.9310664,0.538708
4,-77.9295341,0.7072953
5,-77.9271435,0.8755561
6,-77.924571,1.0440376
7,-77.9210962,1.2125179
8,-77.9174217,1.3809712
9,-77.9124944,1.5492654
10,-77.9067137,1.7176622
11,-77.900443,1.8859992
12,-77.8932029,2.0542987
13,-77.885657,2.2225707
14,-77.8770251,2.3906882
15,-77.8669968,2.5584025
16,-77.85409,2.7264072
17,-77.8426757,2.8939662
18,-77.8283837,3.0614364
19,-77.8135739,3.2292437
20,-77.7975286,3.3966054
21,-77.7803857,3.5642271
22,-77.7627747,3.7309063
23,-77.7404745,3.8981097
24,-77.7226808,4.0658786
25,-77.7002648,4.2321652
26,-77.6776005,4.3990272
27,-77.6529889,4.5654009
28,-77.6281267,4.7320012
29,-77.6018496,4.8980297
30,-77.5735316,5.0637719
31,-77.5442405,5.2299199
32,-77.5165222,5.3953221
33,-77.4831026,5.5602924
34,-77.4529588,5.7257145
35,-77.4192742,5.8899158
36,-77.3840548,6.0548183
37,-77.348772,6.2193164
38,-77.3118791,6.3830592
39,-77.2739801,6.5471565
40,-77.2353885,6.7109565
41,-77.195557,6.874163
42,-77.1537608,7.0372111
43,-77.111777,7.2004498
44,-77.0687149,7.3631418
45,-77.024396,7.5252709
46,-76.9782314,7.6872038
47,-76.9320488,7.8492424
48,-76.8845057,8.0104988
49,-76.8356036,8.1716197
50,-76.7859409,8.3323638
51,-76.734864,8.4927135
52,-76.6831302,8.6527125
53,-76.6294543,8.8122309
54,-76.5755659,8.9718045
55,-76.5201998,9.1304747
56,-76.4633375,9.2891183
57,-76.4063954,9.4474954
58,-76.3475225,9.6050882
59,-76.2880663,9.7624782
60,-76.2267643,9.9191087
61,-76.1650392,10.0758699
62,-76.1023732,10.2311111
63,-76.0353647,10.3861879
64,-75.9719867,10.5427916
65,-75.905702,10.6965266
66,-75.837724,10.8506088
67,-75.7692331,11.0045241
68,-75.7003096,11.1576737
69,-75.6289748,11.3101639
70,-75.5580665,11.4630652
71,-75.4859663,11.6148044
72,-75.4128216,11.7661467
73,-75.3386168,11.9173752
74,-75.2644167,12.0672383
75,-75.1849181,12.2163219
76,-75.1099825,12.3680219
77,-75.0328161,12.5165775
78,-74.9537276,12.6651824
79,-74.8741919,12.8134696
80,-74.7937088,12.9611926
81,-74.7122471,13.1083554
82,-74.6295575,13.2548764
83,-74.5459625,13.4010976
84,-74.4618433,13.546785
85,-74.3766744,13.6921277
86,-74.2917155,13.8365385
87,-74.2028483,13.979763
88,-74.1161684,14.1248443
89,-74.0278702,14.2673763
90,-73.9379771,14.4098501
91,-73.8478943,14.5520829
92,-73.756807,14.6934543
93,-73.6647867,14.8345183
94,-73.572303,14.9751307
95,-73.4786529,15.1148317
96,-73.3840196,15.2540316
97,-73.2886004,15.3925661
98,-73.1921906,15.5305091
99,-73.0952221,15.6681593
100,-72.9975284,15.8048
101,-72.8978549,15.9406377
102,-72.7985191,16.0766541
103,-72.6982846,16.2111958
104,-72.5965803,16.3455141
105,-72.4952749,16.4799583
106,-72.3927251,16.6131575
107,-72.2897644,16.7464266
108,-72.1863453,16.8787963
109,-72.0818053,17.0101267
110,-71.9761812,17.1419132
111,-71.8710766,17.2732631
112,-71.7641526,17.4034948
113,-71.6581214,17.5340423
114,-71.5504371,17.6628172
115,-71.4423202,17.7919771
116,-71.3335797,17.9202817
117,-71.2241896,18.0482758
118,-71.1142492,18.1756311
119,-71.0036195,18.3023349
120,-70.8923442,18.4285265
121,-70.7804708,18.5542572
122,-70.668141,18.6794949
123,-70.5552455,18.8045247
124,-70.4426029,18.928439
125,-70.3271757,19.0510535
126,-70.2125434,19.1751893
127,-70.0972951,19.297564
128,-69.9814496,19.4194102
129,-69.8647152,19.5420597
130,-69.744237,19.6582164
131,-69.6287103,19.781424
132,-69.511895,19.899942
133,-69.3950798,20.0184599
134,-69.2748665,20.1383364
135,-69.155609,20.2558608
136,-69.0355068,20.3727949
137,-68.9132158,20.4891002
138,-68.7921824,20.6065423
139,-68.669813,20.7221308
140,-68.5482655,20.8390111
141,-68.4265109,20.9535974
142,-68.3028531,21.068317
143,-68.1802656,21.1840097
144,-68.0576874,21.2976136
145,-67.9325633,21.4097946
146,-67.8065875,21.5240823
147,-67.6840849,21.6376885
148,-67.5591865,21.7491492
149,-67.4336697,21.8609238
150,-67.3068621,21.9722074
151,-67.1812185,22.0844534
152,-67.0544322,22.1947625
153,-66.9272989,22.3052127
154,-66.7993285,22.4144371
155,-66.671301,22.5238512
156,-66.5428174,22.632192
157,-66.413645,22.7406113
158,-66.2849066,22.8487145
159,-66.1551024,22.9561786
160,-66.0259388,23.0638909
161,-65.8957149,23.1703084
162,-65.7656768,23.2775251
163,-65.6352692,23.3837195
164,-65.504602,23.4903493
165,-65.3751218,23.5943813
166,-65.2390424,23.6970958
167,-65.1093755,23.8074119
168,-64.9833522,23.9087207
169,-64.8488821,24.015169
170,-64.714412,24.1216173
171,-64.584702,24.2219656
172,-64.4509468,24.3263823
173,-64.3182046,24.4304281
174,-64.1855346,24.5342532
175,-64.0526035,24.6376406
176,-63.9202033,24.7407574
177,-63.787093,24.8418189
178,-63.651856,24.9448908
179,-63.5191531,25.0498501
180,-63.3871082,25.1533592
181,-63.2543834,25.2573767
182,-63.1220637,25.3625989
183,-62.990693,25.4686826
184,-62.8597895,25.5754459
185,-62.7296353,25.6831895
186,-62.5997362,25.7916477
187,-62.470731,25.9013637
188,-62.3425652,26.0114664
189,-62.2148483,26.122609
190,-62.0883324,26.234672
191,-61.9623199,26.3474824
192,-61.837411,26.4621994
193,-61.7143503,26.578128
194,-61.5920108,26.6961222
195,-61.472373,26.8154955
196,-61.3526958,26.9346836
197,-61.2339953,27.0570241
198,-61.1180386,27.1807956
199,-61.0034914,27.3051977
200,-60.8898789,27.4317255
201,-60.7792717,27.5599447
202,-60.6689535,27.6889689
203,-60.5614421,27.8207086
204,-60.4556766,27.9521647
205,-60.3507442,28.0848947
206,-60.2474037,28.2197738
207,-60.1469296,28.3559711
208,-60.0469839,28.4927957
209,-59.9496963,28.6316418
210,-59.8534422,28.770807
211,-59.7589462,28.911632
212,-59.6662683,29.0529149
213,-59.574754,29.1949442
214,-59.4844339,29.3380872
215,-59.39565,29.4820176
216,-59.3075939,29.6261066
217,-59.2202492,29.770741
218,-59.1339121,29.9158503
219,-59.0481868,30.0611047
220,-58.9628489,30.2069842
221,-58.8787462,30.3529415
222,-58.7934069,30.4991546
223,-58.7112993,30.6467449
224,-58.6278607,30.7927484
225,-58.545114,30.939676
226,-58.4619152,31.086387
227,-58.379846,31.2341144
228,-58.2979998,31.3814381
229,-58.2159085,31.5286771
230,-58.1337741,31.6757158
231,-58.0511885,31.8225734
232,-57.9687092,31.9696379
233,-57.8861742,32.1165338
234,-57.8033651,32.2631405
235,-57.7201288,32.4097065
236,-57.6370749,32.5564068
237,-57.5538332,32.7027977
238,-57.4701856,32.8490423
239,-57.3862992,32.9952383
240,-57.3022645,33.1413289
241,-57.2179737,33.2873768
242,-57.1337632,33.4332836
243,-57.0489738,33.5787896
244,-56.9640546,33.7243029
245,-56.8787011,33.8696697
246,-56.7935405,34.0150585
247,-56.7079604,34.1601714
248,-56.6222494,34.3052191
249,-56.5361381,34.4499016
250,-56.4496321,34.5948281
251,-56.3640359,34.7400285
252,-56.277798,34.8844971
253,-56.1913494,35.0296661
254,-56.1063328,35.1753999
255,-56.0210253,35.3207666
256,-55.9364888,35.4666368
257,-55.8517563,35.6123879
258,-55.7677848,35.7589106
259,-55.6845843,35.9057895
260,-55.6020363,36.0528649
261,-55.5197669,36.2003012
262,-55.4387709,36.3482773
263,-55.357756,36.4962999
264,-55.2782971,36.6454185
265,-55.1998044,36.794711
266,-55.122075,36.9447957
267,-55.0465233,37.0959584
268,-54.9719619,37.2473531
269,-54.898609,37.3995477
270,-54.8272225,37.5528004
271,-54.7578946,37.7068898
272,-54.690158,37.8615565
273,-54.6241467,38.0172298
274,-54.5612587,38.1741874
275,-54.5003141,38.3315741
276,-54.4405504,38.4895203
277,-54.3827725,38.6483216
278,-54.3269238,38.8075728
279,-54.2723813,38.9675551
280,-54.2217148,39.1288143
281,-54.1726424,39.2902187
282,-54.1250322,39.452208
283,-54.0796906,39.6150529
284,-54.0373535,39.778377
285,-53.9952054,39.941714
286,-53.9553468,40.1057106
287,-53.9168396,40.2699878
288,-53.88084,40.4348809
289,-53.8461108,40.5999579
290,-53.8127891,40.7653382
291,-53.7804028,40.9307833
292,-53.7482983,41.096485
293,-53.7190947,41.26266
294,-53.6897741,41.4286835
295,-53.662117,41.5951312
296,-53.6355797,41.7616369
297,-53.6093134,41.9282052
298,-53.5840428,42.0949106
299,-53.5592798,42.2617458
300,-53.5360757,42.4286533
301,-53.5114097,42.5949499
302,-53.4899119,42.7617217
303,-53.4615262,42.9277694
304,-53.443102,43.0951752
305,-53.4186533,43.2617694
306,-53.3947503,43.4286501
307,-53.3701159,43.5954149
308,-53.3469204,43.7624543
309,-53.3232192,43.9291962
310,-53.2950972,44.0952893
311,-53.2739906,44.2621081
312,-53.2508993,44.4288024
313,-53.2232469,44.5946455
314,-53.1955945,44.7604885
315,-53.1737579,44.9274349
316,-53.1463627,45.0937078
317,-53.1199365,45.260169
318,-53.0915587,45.4262476
319,-53.0652558,45.592787
320,-53.0371998,45.7589366
321,-53.0082107,45.9249949
322,-52.979025,46.0910112
323,-52.949297,46.2568738
324,-52.9189011,46.4226814
325,-52.888082,46.588384
326,-52.8564413,46.7539385
327,-52.8245276,46.9194664
328,-52.7917911,47.0847913
329,-52.7582928,47.2499871
330,-52.7247877,47.4150753
331,-52.690478,47.5801506
332,-52.6568866,47.7450932
333,-52.6150051,47.9081242
334,-52.5850214,48.0736307
335,-52.545153,48.2372154
336,-52.5116038,48.4023713
337,-52.4717288,48.5659922
338,-52.4345157,48.7304994
339,-52.3957565,48.894409
340,-52.3560738,49.058254
341,-52.3157823,49.2215987
342,-52.2714496,49.384325
343,-52.2340967,49.5486166
344,-52.19161,49.7115032
345,-52.1488612,49.874587
346,-52.1056342,50.0374467
347,-52.0620685,50.199863
348,-52.0170432,50.3620451
349,-51.9672355,50.5217373
350,-51.9277691,50.6852028
351,-51.8793567,50.8462496
352,-51.829651,51.0074148
353,-51.7821258,51.1690971
354,-51.7323865,51.3301145
355,-51.6834118,51.49134
356,-51.6323309,51.6518574
357,-51.580884,51.8122895
358,-51.5274604,51.9721816
359,-51.4750676,52.1323984
360,-51.4206537,52.2918069
361,-51.365594,52.4511083
362,-51.3100782,52.6102114
363,-51.253801,52.769033
364,-51.1966882,52.927577
365,-51.1391027,53.0859651
366,-51.0806755,53.2439393
367,-51.0205402,53.4013581
368,-50.9609903,53.5591012
369,-50.9001844,53.7161676
370,-50.8376106,53.8727635
371,-50.7762406,54.0295531
372,-50.7129801,54.1856313
373,-50.6490512,54.341551
374,-50.5842441,54.497068
375,-50.5186737,54.6523038
376,-50.4523194,54.8071834
377,-50.3848468,54.9615895
378,-50.3168606,55.1158001
379,-50.2479882,55.2694161
380,-50.1777635,55.4225659
381,-50.106977,55.5754986
382,-50.0352388,55.7279453
383,-49.9626559,55.8799673
384,-49.8889656,56.0315121
385,-49.814843,56.1825913
386,-49.7391206,56.3331038
387,-49.6631497,56.4835511
388,-49.5862664,56.633422
389,-49.5081105,56.7826344
390,-49.4288781,56.9314224
391,-49.3496619,57.0799793
392,-49.2682723,57.2275725
393,-49.1876479,57.3755191
394,-49.1052473,57.5222962
395,-49.0218856,57.6686743
396,-48.9375182,57.8144976
397,-48.8526279,57.9600238
398,-48.766895,58.1050573
399,-48.6806049,58.2496215
400,-48.5924904,58.3932422
401,-48.5047038,58.5370811
402,-48.4156483,58.680084
403,-48.3261251,58.8221506
404,-48.2312316,58.9616177
405,-48.1422597,59.1054434
406,-48.0505241,59.2460842
407,-47.956207,59.3855229
408,-47.8610879,59.5245474
409,-47.7656145,59.6632508
410,-47.6691084,59.8013158
411,-47.5722143,59.9390862
412,-47.4739676,60.0758142
413,-47.3748384,60.2120553
414,-47.2750665,60.3476725
415,-47.1737304,60.482268
416,-47.0720964,60.6165809
417,-46.9691275,60.7498705
418,-46.8659789,60.8828644
419,-46.7607171,61.0143486
420,-46.6558042,61.146189
421,-46.5490364,61.2763426
422,-46.4419972,61.4063193
423,-46.3332136,61.5347551
424,-46.2240145,61.6632266
425,-46.1145378,61.7911214
426,-46.0036824,61.9176239
427,-45.8913792,62.0433537
428,-45.779518,62.1692314
429,-45.6658156,62.2932629
430,-45.5516031,62.4171135
431,-45.4364935,62.5399092
432,-45.3204186,62.6618986
433,-45.2037138,62.7832561
434,-45.0860684,62.9038146
435,-44.9680139,63.023744
436,-44.8482932,63.1420204
437,-44.7279586,63.2603019
438,-44.6080798,63.3784122
439,-44.4862355,63.4942597
440,-44.3636528,63.6099433
441,-44.2407692,63.7243208
442,-44.1150171,63.8364241
443,-43.9913613,63.9511888
444,-43.8662236,64.0630935
445,-43.7396344,64.1741336
446,-43.6127434,64.2849365
447,-43.4863768,64.3945912
448,-43.3568015,64.5011179
449,-43.2253321,64.6080168
450,-43.0984738,64.7187507
451,-42.9676992,64.823335
452,-42.8361258,64.9287731
453,-42.7040719,65.0330271
454,-42.571303,65.136504
455,-42.4375285,65.2387487
456,-42.3033443,65.3403949
457,-42.1684006,65.4404678
458,-42.0327406,65.5400334
459,-41.8959651,65.6382369
460,-41.7590818,65.7361238
461,-41.6210318,65.8324008
462,-41.4828199,65.9278747
463,-41.3422256,66.0211064
464,-41.2038363,66.116244
465,-41.0632917,66.2077941
466,-40.9215862,66.2992283
467,-40.7802179,66.3899156
468,-40.6368426,66.4786683
469,-40.494735,66.5693429
470,-40.3514692,66.6575288
471,-40.2083295,66.7461328
472,-40.0638989,66.8328585
473,-39.9199703,66.9210341
474,-39.7760834,67.0077014
475,-39.6308606,67.0929188
476,-39.4858555,67.1790062
477,-39.3406128,67.2642534
478,-39.1952946,67.3493973
479,-39.0496847,67.4335184
480,-38.903795,67.517556
481,-38.7570627,67.6005648
482,-38.6108351,67.6846252
483,-38.4643856,67.7674591
484,-38.3175645,67.8501323
485,-38.1707704,67.9325162
486,-38.0236633,68.0144767
487,-37.876154,68.095861
488,-37.7283984,68.1768287
489,-37.5804916,68.2572728
490,-37.4321656,68.3364012
491,-37.2826312,68.4144886
492,-37.1335166,68.4931438
493,-36.9841005,68.5700202
494,-36.8337985,68.6462986
495,-36.6845099,68.7210989
496,-36.5306074,68.7910337
497,-36.380541,68.8689486
498,-36.2292623,68.939565
499,-36.0762805,69.0105586
500,-35.9233202,69.0801925
501,-35.7695887,69.1487944
502,-35.6157684,69.2164458
503,-35.4611882,69.2824677
504,-35.3064055,69.3485378
505,-35.1508215,69.4124137
506,-34.9949642,69.4759545
507,-34.8386386,69.5377364
508,-34.6816946,69.5990571
509,-34.5252906,69.6595863
510,-34.3674051,69.7164739
511,-34.2079303,69.7744309
512,-34.0517181,69.8343177
513,-33.8924074,69.8861999
514,-33.7331282,69.9431122
515,-33.5747808,69.9971772
516,-33.4146152,70.0488828
517,-33.2544771,70.100875
518,-33.0944595,70.1512736
519,-32.9336414,70.2007786
520,-32.7724487,70.2492106
521,-32.611314,70.2967265
522,-32.4493289,70.3420132
523,-32.2868932,70.3872597
524,-32.1245298,70.4314948
525,-31.9618753,70.4744122
526,-31.7989499,70.515954
527,-31.6355908,70.5561458
528,-31.4717525,70.5956201
529,-31.3079895,70.6347679
530,-31.1441074,70.6721601
531,-30.9797687,70.7081469
532,-30.8151578,70.7429107
533,-30.6501303,70.7764973
534,-30.4852028,70.8094897
535,-30.3198645,70.8404614
536,-30.154131,70.8708585
537,-29.9884905,70.9000056
538,-29.8224266,70.9275745
539,-29.6564099,70.9544823
540,-29.4900011,70.9796582
541,-29.3234996,71.0046077
542,-29.157039,71.0277136
543,-28.990303,71.0495958
544,-28.8232303,71.0707918
545,-28.6563639,71.090665
546,-28.4890286,71.1085218
547,-28.3212827,71.1261796
548,-28.1543191,71.1432005
549,-27.9864879,71.1573673
550,-27.8187254,71.1727526
551,-27.6512252,71.1854518
552,-27.4833979,71.1980625
553,-27.3155677,71.2095834
554,-27.1487223,71.2198001
555,-26.9794159,71.2248962
556,-26.8105154,71.237055
557,-26.643505,71.2441671
558,-26.4752414,71.2496893
559,-26.3069556,71.2545836
560,-26.1387591,71.2589098
561,-25.9705863,71.2617486
562,-25.8021251,71.2637341
563,-25.633833,71.2651525
564,-25.4656739,71.2651004
565,-25.2971682,71.2641882
566,-25.1292968,71.2626973
567,-24.9609379,71.2582209
568,-24.7925335,71.254927
569,-24.6243815,71.248557
570,-24.4558767,71.2431941
571,-24.2880119,71.2359092
572,-24.1198187,71.227562
573,-23.9517326,71.2181522
574,-23.7836686,71.2076964
575,-23.6159146,71.1963369
576,-23.4481683,71.1839397
577,-23.280429,71.1703191
578,-23.1126717,71.1559793
579,-22.9448842,71.140883
580,-22.7779011,71.1248776
581,-22.6104074,71.1055946
582,-22.4425011,71.0889688
583,-22.2759795,71.0695221
584,-22.1087489,71.04885
585,-21.9416779,71.0280919
586,-21.7748039,71.0062376
587,-21.6079821,70.9838878
588,-21.4416337,70.9602941
589,-21.2749598,70.9352647
590,-21.1080807,70.9106539
591,-20.9418797,70.8850432
592,-20.7754346,70.8580587
593,-20.6093794,70.8315031
594,-20.4438271,70.8027541
595,-20.2778872,70.7734754
596,-20.1121703,70.7436598
597,-19.9466559,70.7132293
598,-19.7814217,70.6816811
599,-19.616146,70.6491851
600,-19.4510617,70.6162672
601,-19.2863212,70.5822564
602,-19.1216074,70.5475535
603,-18.9568891,70.5123104
604,-18.7928659,70.4764246
605,-18.62883,70.4381356
606,-18.4643782,70.4006654
607,-18.300755,70.3616618
608,-18.1372395,70.3220897
609,-17.9732821,70.2822884
610,-17.8118482,70.242583
611,-17.6480263,70.2002292
612,-17.4842043,70.1578754
613,-17.324614,70.1137743
614,-17.1618405,70.0687133
615,-16.999289,70.0242722
616,-16.8382497,69.9799691
617,-16.677016,69.9301351
618,-16.5131128,69.8855892
619,-16.3517851,69.839853
620,-16.1903547,69.7926724
621,-16.0298627,69.744373
622,-15.8686568,69.693793
623,-15.7072687,69.6460807
624,-15.5474533,69.5951219
625,-15.3879522,69.5442253
626,-15.2273149,69.4885655
627,-15.0648969,69.4423064
628,-14.9071441,69.3894493
629,-14.7469867,69.3360056
630,-14.587457,69.2823779
631,-14.4279719,69.2283942
632,-14.2688228,69.1734731
633,-14.1096364,69.1183832
634,-13.9507764,69.0627322
635,-13.7919688,69.0067299
636,-13.6333744,68.9500708
637,-13.4750162,68.8929194
638,-13.3170521,68.8349992
639,-13.1589794,68.7765059
640,-13.0010838,68.7181507
641,-12.8436484,68.6586786
642,-12.6861846,68.5990613
643,-12.5285591,68.5392811
644,-12.3714411,68.4801755
645,-12.2169581,68.4179505
646,-12.0593022,68.3510447
647,-11.8990355,68.2963527
648,-11.747257,68.2360363
649,-11.5887567,68.1737387
650,-11.4302565,68.1114412
651,-11.2770042,68.0483429
652,-11.1203073,67.984032
653,-10.9639893,67.9208722
654,-10.8079051,67.8575698
655,-10.6518834,67.7940542
656,-10.4960864,67.7305594
657,-10.3416899,67.6666094
658,-10.185897,67.6009375
659,-10.0285046,67.5377317
660,-9.8720246,67.4760074
661,-9.7159397,67.4131808
662,-9.5587487,67.3511611
663,-9.4012945,67.2902286
664,-9.243708,67.2299693
665,-9.0854131,67.1703847
666,-8.9263271,67.1128003
667,-8.7674627,67.0560562
668,-8.6078326,66.9996403
669,-8.4475426,66.9453878
670,-8.287319,66.8921487
671,-8.1269493,66.8401321
672,-7.9652526,66.7881539
673,-7.8028113,66.7401847
674,-7.6405817,66.6924204
675,-7.477468,66.6476643
676,-7.314469,66.6029808
677,-7.1495819,66.5614316
678,-6.9847091,66.5227335
679,-6.8192357,66.4863567
680,-6.6532273,66.4521114
681,-6.4866103,66.4200083
682,-6.320144,66.390094
683,-6.1532668,66.3612438
684,-5.9858105,66.3355271
685,-5.8184935,66.3116231
686,-5.6501752,66.2899137
687,-5.4819814,66.2711418
688,-5.3138096,66.2532809
689,-5.1450417,66.2377674
690,-4.9763178,66.224195
691,-4.8074619,66.2127883
692,-4.6387356,66.2033739
693,-4.4697526,66.1956332
694,-4.300885,66.1898958
695,-4.1320066,66.184575
696,-3.9631431,66.180648
697,-3.794282,66.1770834
698,-3.625397,66.1751321
699,-3.4567562,66.1734286
700,-3.2879565,66.1724678
701,-3.1193413,66.1718092
702,-2.9502205,66.171614
703,-2.7815908,66.1737044
704,-2.6131886,66.1747116
705,-2.4443853,66.1768803
706,-2.2759222,66.1789925
707,-2.107122,66.1809327
708,-1.9384522,66.1835881
709,-1.7700107,66.1857641
710,-1.6014525,66.1879231
711,-1.4330366,66.1899764
712,-1.2644777,66.191725
713,-1.0959355,66.1938283
714,-0.9274824,66.1955211
715,-0.7589982,66.1971707
716,-0.5905598,66.1982781
717,-0.4219746,66.1992398
718,-0.2534682,66.2001739
719,-0.0849801,66.2006113
720,0.0836094,66.2008092
721,0.2521157,66.2008577
722,0.4206156,66.200431
723,0.5892027,66.1999073
724,0.7576547,66.1992011
725,0.9261437,66.1979226
726,1.0945888,66.1966564
727,1.2631199,66.194897
728,1.431671,66.1933268
729,1.6000967,66.191253
730,1.7686696,66.1890651
731,1.937139,66.187002
732,2.1057847,66.1847595
733,2.2745558,66.1834978
734,2.4430271,66.1822337
735,2.6118232,66.1809254
736,2.7802535,66.1809037
737,2.9488951,66.1798215
738,3.1178722,66.1810091
739,3.2864812,66.1827391
740,3.4552081,66.1847486
741,3.6238233,66.1874463
742,3.7925895,66.1902956
743,3.9613403,66.1946716
744,4.1300782,66.1996718
745,4.2987738,66.2064234
746,4.4674377,66.2137671
747,4.6361468,66.2230468
748,4.8046346,66.2337238
749,4.9731548,66.2460172
750,5.1415255,66.2605565
751,5.3097705,66.2776238
752,5.4774807,66.2974544
753,5.6450862,66.3183797
754,5.8125723,66.342163
755,5.9793619,66.3681327
756,6.1460723,66.3956801
757,6.3122074,66.4262301
758,6.4779627,66.4577774
759,6.643597,66.491444
760,6.8087036,66.5272075
761,6.9733346,66.5648509
762,7.1375221,66.6042415
763,7.3013906,66.6459829
764,7.4639765,66.6910782
765,7.6265554,66.7363681
766,7.7882791,66.784557
767,7.9502083,66.832631
768,8.1109817,66.8848398
769,8.2712036,66.9372757
770,8.4311594,66.9908166
771,8.5909626,67.0451367
772,8.7499827,67.1014765
773,8.9087403,67.1583095
774,9.0674675,67.2156601
775,9.2255408,67.2747521
776,9.3831749,67.3346542
777,9.5405603,67.3953033
778,9.6976215,67.4568776
779,9.8541195,67.5193252
780,10.0108936,67.580614
781,10.1676203,67.6427799
782,10.3231012,67.7076155
783,10.4783791,67.7709061
784,10.6347165,67.8339376
785,10.7911197,67.8967287
786,10.9476365,67.9592673
787,11.1042769,68.0215696
788,11.2606852,68.0850479
789,11.4160117,68.1485436
790,11.57294,68.2105026
791,11.7298684,68.2724615
792,11.8853497,68.3343089
793,12.0445631,68.3879247
794,12.2001845,68.453818
795,12.3560308,68.5167302
796,12.5136044,68.5761559
797,12.6711837,68.6360846
798,12.828715,68.6959093
799,12.9863091,68.7555847
800,13.1443526,68.8140857
801,13.3025173,68.8724033
802,13.4608857,68.9299586
803,13.6195482,68.9867452
804,13.7783413,69.0431914
805,13.9373685,69.0990114
806,14.0965532,69.1542696
807,14.2560259,69.2087662
808,14.4155043,69.2632372
809,14.5751542,69.3168826
810,14.7349533,69.3702828
811,14.8950242,69.4234287
812,15.0543052,69.4766919
813,15.2163849,69.5227323
814,15.3757174,69.5779139
815,15.5357855,69.6287988
816,15.6961872,69.6799221
817,15.8577649,69.7276219
818,16.0187439,69.7780822
819,16.1798999,69.8265764
820,16.3416142,69.8737879
821,16.5035603,69.9195691
822,16.6665052,69.9638468
823,16.8275382,70.0135487
824,16.9897167,70.0579335
825,17.1524354,70.1019953
826,17.3151446,70.1464222
827,17.4767509,70.1904703
828,17.6393001,70.2324339
829,17.8018493,70.2743974
830,17.9648679,70.3146306
831,18.1288052,70.3541899
832,18.2925849,70.393314
833,18.4565908,70.4317801
834,18.6211049,70.4688023
835,18.7851496,70.5068446
836,18.9496403,70.5426994
837,19.1144561,70.5778834
838,19.2793545,70.6125524
839,19.4443449,70.646525
840,19.6095352,70.679422
841,19.7748976,70.7119622
842,19.9403787,70.7435393
843,20.1061117,70.7737916
844,20.2720209,70.8032631
845,20.4380898,70.8321461
846,20.6040423,70.8606563
847,20.7704375,70.8871361
848,20.9368594,70.9141168
849,21.1033319,70.939851
850,21.270136,70.9645213
851,21.4368391,70.9895546
852,21.6035589,71.0131238
853,21.7705739,71.0353862
854,21.9376402,71.0571589
855,22.1048688,71.0778127
856,22.2721483,71.0982931
857,22.4392849,71.1175833
858,22.607102,71.1339461
859,22.7745505,71.1528831
860,22.9421017,71.1686376
861,23.1099881,71.1834716
862,23.277917,71.1975453
863,23.4458618,71.21085
864,23.6138881,71.2228854
865,23.7817324,71.2338531
866,23.9499469,71.2440449
867,24.1181802,71.2533824
868,24.2864969,71.2617108
869,24.4547166,71.2687965
870,24.6231775,71.2737448
871,24.7915502,71.2797697
872,24.9600439,71.2828622
873,25.1284757,71.287336
874,25.2967578,71.288909
875,25.4653147,71.2899
876,25.6337176,71.2900405
877,25.8021916,71.2887679
878,25.9707174,71.2870153
879,26.1391298,71.2843941
880,26.3073871,71.2801176
881,26.4758172,71.2751064
882,26.644205,71.2694745
883,26.8120467,71.2623782
884,26.9803685,71.2504751
885,27.1491908,71.2456404
886,27.3168972,71.2355931
887,27.4849433,71.2242728
888,27.6529439,71.2117013
889,27.8207557,71.1987035
890,27.988542,71.1828088
891,28.1564124,71.1680995
892,28.3237648,71.1506547
893,28.4914211,71.1326751
894,28.6588724,71.1144204
895,28.8259434,71.0940839
896,28.9929803,71.0723851
897,29.1596988,71.0500354
898,29.3264081,71.026642
899,29.4929274,71.0016069
900,29.6595008,70.9764768
901,29.8257287,70.9496058
902,29.9918962,70.9219355
903,30.1577008,70.8925447
904,30.3234528,70.8620102
905,30.488983,70.8310591
906,30.6541341,70.7981333
907,30.8192535,70.764548
908,30.9839978,70.729639
909,31.148488,70.6934938
910,31.3126107,70.6560501
911,31.4764861,70.6170488
912,31.6404189,70.5777727
913,31.8039601,70.537592
914,31.9670993,70.4959553
915,32.1299309,70.4529883
916,32.2924526,70.4087652
917,32.4548874,70.3635861
918,32.6170799,70.318325
919,32.7785145,70.2708294
920,32.9399034,70.2225402
921,33.1009486,70.1732603
922,33.2613477,70.1230036
923,33.4216604,70.0711656
924,33.5820156,70.01957
925,33.7409951,69.9653926
926,33.8998857,69.9086945
927,34.0594465,69.8566002
928,34.2161378,69.7963087
929,34.374647,69.7385378
930,34.5328661,69.6815003
931,34.6896494,69.6207058
932,34.8465649,69.5591698
933,35.0030435,69.4971245
934,35.1590119,69.4334991
935,35.3148173,69.3696101
936,35.4697635,69.3035171
937,35.6243687,69.2372795
938,35.7782635,69.1690951
939,35.9318657,69.099939
940,36.0848553,69.0298102
941,36.2376369,68.958501
942,36.3893859,68.8870558
943,36.5388271,68.8086296
944,36.692048,68.7380392
945,36.841612,68.6621667
946,36.9915977,68.5852336
947,37.1408809,68.5076258
948,37.2897206,68.4284261
949,37.4390746,68.3500986
950,37.5875675,68.2709059
951,37.7356122,68.19053
952,37.8835449,68.1097542
953,38.0312241,68.0286201
954,38.1784568,67.9467468
955,38.3254076,67.8642983
956,38.4721576,67.7814601
957,38.6184632,67.6981158
958,38.7643484,67.6135255
959,38.9105577,67.5301114
960,39.0561931,67.4454765
961,39.201477,67.3608392
962,39.346564,67.2752129
963,39.4916319,67.1895619
964,39.6364621,67.1031926
965,39.7817127,67.0177092
966,39.9257526,66.9309101
967,40.0695968,66.8427284
968,40.2138601,66.7556536
969,40.3567045,66.6664028
970,40.4996094,66.5775029
971,40.6412616,66.4860885
972,40.7840554,66.3963842
973,40.9247538,66.304437
974,41.0656393,66.2117007
975,41.2054453,66.1188853
976,41.3431744,66.0225738
977,41.4830969,65.9284676
978,41.6208183,65.8322517
979,41.758386,65.7352983
980,41.8947791,65.6367583
981,42.031283,65.538191
982,42.1672654,65.4390917
983,42.3032412,65.3404879
984,42.4386377,65.2404085
985,42.5730291,65.1389393
986,42.7059578,65.0356448
987,42.8381222,64.9314858
988,42.9698277,64.8261985
989,43.1008877,64.7217327
990,43.22793,64.6112924
991,43.3594927,64.5046116
992,43.4891942,64.3981655
993,43.6158221,64.2883707
994,43.7427701,64.1776087
995,43.8693986,64.0665632
996,43.9946147,63.9546028
997,44.118141,63.8399711
998,44.2438333,63.7277832
999,44.3666606,63.6131677
1000,44.4890589,63.4973065
1001,44.6108405,63.3812804
1002,44.730683,63.2630791
1003,44.8509514,63.1447454
1004,44.9706301,63.0263868
1005,45.0886598,62.9063614
1006,45.2062466,62.7857246
1007,45.3229342,62.6642686
1008,45.4390367,62.5422359
1009,45.554181,62.4194171
1010,45.6683045,62.2954709
1011,45.7818482,62.1712416
1012,45.8935825,62.0452168
1013,46.0058274,61.9194131
1014,46.1166196,61.7928108
1015,46.2259704,61.6647481
1016,46.335,61.5361389
1017,46.4436559,61.4075602
1018,46.5504938,61.2774217
1019,46.6570471,61.147056
1020,46.7617501,61.0151189
1021,46.8668697,60.8834974
1022,46.969717,60.7502872
1023,47.0720582,60.6167213
1024,47.1730415,60.4819296
1025,47.2737767,60.3469269
1026,47.3730631,60.2109563
1027,47.4717508,60.0743999
1028,47.5695968,59.937426
1029,47.6662568,59.7995058
1030,47.7626306,59.6613847
1031,47.8579609,59.5226114
1032,47.9529603,59.3835064
1033,48.0472121,59.2440888
1034,48.138934,59.1035973
1035,48.2280023,58.9598253
1036,48.3231647,58.8204552
1037,48.4128697,58.6786431
1038,48.5021156,58.5357772
1039,48.5900463,58.3920166
1040,48.6781998,58.2484387
1041,48.7645906,58.103984
1042,48.8504192,57.9590153
1043,48.9351748,57.8134301
1044,49.0192432,57.6674461
1045,49.1023533,57.5209383
1046,49.1845902,57.3741161
1047,49.2651057,57.2260926
1048,49.346342,57.0784475
1049,49.4254104,56.9297523
1050,49.5044693,56.780874
1051,49.5823703,56.6315801
1052,49.6590143,56.4816226
1053,49.7348455,56.3310884
1054,49.8104216,56.1805377
1055,49.8843303,56.0293746
1056,49.9577052,55.8777474
1057,50.0299044,55.7255814
1058,50.1012004,55.5729588
1059,50.1714806,55.4198344
1060,50.2411713,55.2664631
1061,50.3095061,55.112656
1062,50.3769914,54.958262
1063,50.4440009,54.8037009
1064,50.50996,54.6488004
1065,50.5753433,54.4935252
1066,50.6400383,54.338025
1067,50.7038643,54.1821013
1068,50.766934,54.0260821
1069,50.8280161,53.8693566
1070,50.8903897,53.712619
1071,50.9510161,53.5556116
1072,51.0104174,53.397833
1073,51.0702666,53.2403836
1074,51.1282876,53.0824161
1075,51.1854613,52.9238924
1076,51.2421033,52.765232
1077,51.2979014,52.6063276
1078,51.3529277,52.4471192
1079,51.4072637,52.2875891
1080,51.4608345,52.1281025
1081,51.5128826,51.9677928
1082,51.5663406,51.807914
1083,51.617819,51.6476149
1084,51.6688665,51.4872393
1085,51.7176937,51.3260753
1086,51.7671638,51.1650394
1087,51.8142708,51.0032751
1088,51.8635253,50.8416615
1089,51.9111523,50.6814357
1090,51.9504801,50.5176453
1091,52.0001525,50.3573054
1092,52.0445443,50.1956582
1093,52.087499,50.0331097
1094,52.1302723,49.8702989
1095,52.1727992,49.7071549
1096,52.2148197,49.5447616
1097,52.2516015,49.3799772
1098,52.2952787,49.216647
1099,52.3349482,49.0536166
1100,52.3742355,48.8897062
1101,52.4126275,48.726105
1102,52.4497434,48.5612908
1103,52.4893638,48.3982043
1104,52.5225328,48.2328534
1105,52.5617376,48.0695774
1106,52.5911294,47.9034784
1107,52.6325794,47.7396147
1108,52.6657025,47.5757751
1109,52.7000131,47.4105785
1110,52.7333035,47.2455754
1111,52.7665544,47.0803044
1112,52.7989452,46.9150461
1113,52.8304312,46.7494947
1114,52.8615617,46.583922
1115,52.8918869,46.4182391
1116,52.921933,46.2524618
1117,52.9514514,46.0866549
1118,52.9804162,45.9206733
1119,53.0090852,45.754635
1120,53.0367054,45.5887737
1121,53.0627907,45.4220075
1122,53.0911029,45.2558882
1123,53.1176312,45.0896545
1124,53.1452213,44.9239568
1125,53.1673083,44.7583786
1126,53.195578,44.5911381
1127,53.2238477,44.4238977
1128,53.2463985,44.2595594
1129,53.2671367,44.0918068
1130,53.29518,43.9252904
1131,53.3184831,43.7593044
1132,53.3412556,43.5919131
1133,53.3652872,43.4251049
1134,53.388461,43.2580403
1135,53.4119627,43.0923645
1136,53.4296361,42.9242595
1137,53.4573307,42.7575389
1138,53.4779034,42.5913543
1139,53.5022775,42.424531
1140,53.5249133,42.2578162
1141,53.5491619,42.0905971
1142,53.5740474,41.9237672
1143,53.6003414,41.7570453
1144,53.6271742,41.5904786
1145,53.6551842,41.4236676
1146,53.6846351,41.2576063
1147,53.7138988,41.0911447
1148,53.746048,40.9250737
1149,53.7786182,40.7596299
1150,53.8120226,40.5940271
1151,53.846686,40.4286968
1152,53.8828573,40.2633709
1153,53.9215553,40.0988521
1154,53.9616033,39.934543
1155,54.0041584,39.7710999
1156,54.0474504,39.6076248
1157,54.094223,39.4444403
1158,54.1434158,39.2825441
1159,54.1942489,39.1215267
1160,54.2466616,38.9603215
1161,54.3027209,38.8003731
1162,54.3598957,38.6414206
1163,54.4192316,38.4828265
1164,54.4807808,38.3253314
1165,54.5436401,38.1685429
1166,54.6084983,38.0120946
1167,54.6763311,37.8569311
1168,54.7458285,37.7029166
1169,54.8170064,37.5495199
1170,54.8902389,37.3969951
1171,54.9652388,37.2454866
1172,55.0414235,37.0948645
1173,55.118632,36.9444778
1174,55.1978652,36.7951568
1175,55.2775921,36.646505
1176,55.3581358,36.4979842
1177,55.4399457,36.3504074
1178,55.5217361,36.2028565
1179,55.6047616,36.0558864
1180,55.6880757,35.9092297
1181,55.7720419,35.7628517
1182,55.8566446,35.6167223
1183,55.9422163,35.4714568
1184,56.0274333,35.3260308
1185,56.1133474,35.1809905
1186,56.1989077,35.0356025
1187,56.2856647,34.890728
1188,56.3721392,34.7462975
1189,56.457834,34.6011434
1190,56.5443541,34.4562866
1191,56.6305434,34.3115966
1192,56.7164104,34.166609
1193,56.8023198,34.0216751
1194,56.8878781,33.8764259
1195,56.9736599,33.7313184
1196,57.0590245,33.586051
1197,57.1441921,33.4407104
1198,57.2287715,33.294975
1199,57.3135223,33.1492145
1200,57.3980467,33.0034102
1201,57.4823834,32.8574663
1202,57.5665479,32.7114709
1203,57.6502935,32.5653177
1204,57.7335883,32.4187783
1205,57.8170024,32.2723039
1206,57.9000373,32.1257405
1207,57.9827966,31.9789447
1208,58.0653543,31.8319374
1209,58.1479594,31.685048
1210,58.2300729,31.5379412
1211,58.3121909,31.3907105
1212,58.3941219,31.2434203
1213,58.476257,31.0958865
1214,58.5597361,30.949352
1215,58.6431019,30.8027806
1216,58.7274442,30.6571101
1217,58.8105235,30.5101944
1218,58.8966109,30.364836
1219,58.9816774,30.2193726
1220,59.0676184,30.0740902
1221,59.154051,29.9292917
1222,59.2411321,29.7847746
1223,59.3293684,29.6408901
1224,59.4184911,29.4976304
1225,59.5083694,29.3546888
1226,59.5997264,29.2126206
1227,59.6923232,29.0715399
1228,59.7860508,28.9311934
1229,59.8815004,28.7916982
1230,59.9788609,28.6537593
1231,60.0769254,28.5161432
1232,60.1775123,28.3804136
1233,60.2787603,28.245299
1234,60.382671,28.1118359
1235,60.4884468,27.9802601
1236,60.5954149,27.8498823
1237,60.7039622,27.7202272
1238,60.815425,27.5932411
1239,60.9270933,27.4666103
1240,61.0410952,27.3417653
1241,61.156212,27.2183745
1242,61.272327,27.0957198
1243,61.3904977,26.9746899
1244,61.5102903,26.8559932
1245,61.6303467,26.7374364
1246,61.7530603,26.6211911
1247,61.8767846,26.5066117
1248,62.001798,26.3930185
1249,62.1278515,26.2808008
1250,62.2541909,26.1689705
1251,62.3813376,26.0579322
1252,62.5090538,25.9477422
1253,62.6375528,25.8382499
1254,62.7670968,25.7300385
1255,62.8971081,25.6225105
1256,63.0278618,25.5159275
1257,63.1590483,25.4098889
1258,63.2909952,25.3046922
1259,63.423414,25.2003279
1260,63.5554241,25.0960061
1261,63.6870234,24.990958
1262,63.8207219,24.8879628
1263,63.9535671,24.7860916
1264,64.0860637,24.6821707
1265,64.218851,24.5783504
1266,64.351274,24.4740797
1267,64.4837706,24.3697876
1268,64.6169996,24.2659689
1269,64.7494356,24.1634793
1270,64.8816829,24.0581398
1271,65.0139302,23.9528004
1272,65.1439138,23.8481816
1273,65.2717157,23.7389391
1274,65.4064268,23.636931
1275,65.5372942,23.5316808
1276,65.6679876,23.4251343
1277,65.7987988,23.3189492
1278,65.928893,23.2118947
1279,66.0591933,23.105126
1280,66.1882965,22.9968597
1281,66.3179009,22.8890573
1282,66.4466882,22.7804606
1283,66.5754526,22.6716956
1284,66.7038461,22.5626669
1285,66.8316044,22.4527646
1286,66.9593845,22.3429516
1287,67.086427,22.2322224
1288,67.2134827,22.1216721
1289,67.3391087,22.0093822
1290,67.4655188,21.8978611
1291,67.5908787,21.7853879
1292,67.7159714,21.6729049
1293,67.8383463,21.558694
1294,67.9632867,21.4447969
1295,68.088374,21.3323236
1296,68.2115104,21.2179416
1297,68.3339327,21.1020942
1298,68.4574043,20.9872473
1299,68.5795573,20.8717487
1300,68.700694,20.7545073
1301,68.8227213,20.6384494
1302,68.9433807,20.5209281
1303,69.0653883,20.404685
1304,69.185607,20.2869625
1305,69.3049301,20.168401
1306,69.424138,20.04873
1307,69.5383949,19.9260548
1308,69.658716,19.8087027
1309,69.776162,19.6892843
1310,69.893608,19.5698659
1311,70.0097606,19.447319
1312,70.1254456,19.325048
1313,70.2405471,19.2021066
1314,70.3547252,19.0778913
1315,70.4700031,18.9550468
1316,70.582921,18.8304524
1317,70.6956673,18.7051656
1318,70.807886,18.579527
1319,70.9195521,18.4533633
1320,71.0305334,18.3266604
1321,71.1408977,18.1994136
1322,71.2506159,18.0716121
1323,71.3598762,17.9433204
1324,71.468612,17.8147134
1325,71.5765932,17.6853159
1326,71.6843144,17.5560366
1327,71.7902623,17.4251528
1328,71.8969684,17.294709
1329,72.0019134,17.1629511
1330,72.107103,17.0310653
1331,72.2118773,16.8991918
1332,72.3154271,16.7664842
1333,72.4181989,16.6329292
1334,72.5205687,16.4992481
1335,72.6217211,16.3645395
1336,72.7231198,16.229982
1337,72.8230965,16.0946616
1338,72.9219236,15.9581529
1339,73.0211936,15.8220183
1340,73.1187257,15.6848563
1341,73.2154174,15.5468544
1342,73.3115382,15.408525
1343,73.4066788,15.2695377
1344,73.5010308,15.1299804
1345,73.5944969,14.9898855
1346,73.686728,14.8489302
1347,73.7784125,14.7075358
1348,73.8692494,14.5657483
1349,73.9591768,14.4232729
1350,74.0490226,14.2807208
1351,74.137558,14.1377595
1352,74.2240768,13.992849
1353,74.3128238,13.8495674
1354,74.3978287,13.704571
1355,74.4827873,13.5590178
1356,74.5668035,13.4130855
1357,74.6503185,13.2667165
1358,74.7329787,13.1199964
1359,74.8144048,12.9725841
1360,74.8948185,12.8247622
1361,74.9744349,12.6763343
1362,75.0536152,12.5276353
1363,75.1310674,12.3785726
1364,75.2058705,12.2272595
1365,75.2853156,12.078361
1366,75.3597926,11.9278874
1367,75.4340322,11.7766095
1368,75.5072867,11.6250371
1369,75.5793778,11.472974
1370,75.6499992,11.3199009
1371,75.7209644,11.1671201
1372,75.7895183,11.0134866
1373,75.8574689,10.8592868
1374,75.9249666,10.7049167
1375,75.990959,10.5505369
1376,76.0536425,10.393947
1377,76.1199923,10.239029
1378,76.1825148,10.0831931
1379,76.2439687,9.9263218
1380,76.3050449,9.7694398
1381,76.3642235,9.6117882
1382,76.4229296,9.4539828
1383,76.4798385,9.2954833
1384,76.5366463,9.1368075
1385,76.5920611,8.9779147
1386,76.6459703,8.8182891
1387,76.6997326,8.658677
1388,76.7515586,8.4985368
1389,76.8025801,8.3380442
1390,76.8521713,8.1771335
1391,76.9011286,8.0159449
1392,76.9488606,7.8545335
1393,76.9952596,7.692517
1394,77.0415677,7.530556
1395,77.0859914,7.3682261
1396,77.1291498,7.205428
1397,77.1711556,7.0421953
1398,77.2129125,6.8790075
1399,77.2527063,6.7155415
1400,77.291252,6.5515928
1401,77.3291021,6.3874196
1402,77.365855,6.2235386
1403,77.4008398,6.0588479
1404,77.4356415,5.8938789
1405,77.469076,5.7292662
1406,77.4990397,5.563872
1407,77.5324301,5.3988052
1408,77.5600821,5.2330259
1409,77.5892084,5.0670021
1410,77.6175196,4.9010871
1411,77.6438837,4.7348609
1412,77.6688383,4.5682252
1413,77.6933966,4.4016735
1414,77.7157526,4.2347048
1415,77.7378846,4.0680508
1416,77.7555203,3.9003643
1417,77.7777457,3.7332138
1418,77.7950844,3.5661115
1419,77.8117052,3.3983801
1420,77.8271424,3.2308301
1421,77.8412601,3.0629167
1422,77.854764,2.8952175
1423,77.8653009,2.7273818
1424,77.8774949,2.559318
1425,77.8869439,2.391398
1426,77.8949996,2.2231736
1427,77.9018334,2.0548379
1428,77.9083276,1.8865017
1429,77.9139973,1.718118
1430,77.9193335,1.5496793
1431,77.923904,1.3813358
1432,77.9272235,1.2128556
1433,77.9303747,1.0443716
1434,77.9327761,0.8758567
1435,77.9351424,0.7076062
1436,77.9366237,0.5390278
1437,77.9386523,0.3707427
1438,77.9377612,0.2020556
1439,77.9396084,0.0337906
1440,77.9355317,-0.0335551
1441,77.9329625,-0.2018008
1442,77.9333324,-0.3704782
1443,77.9310664,-0.538708
1444,77.9295341,-0.7072953
1445,77.9271435,-0.8755561
1446,77.924571,-1.0440376
1447,77.9210962,-1.2125179
1448,77.9174217,-1.3809712
1449,77.9124944,-1.5492654
1450,77.9067137,-1.7176622
1451,77.900443,-1.8859992
1452,77.8932029,-2.0542987
1453,77.885657,-2.2225707
1454,77.8770251,-2.3906882
1455,77.8669968,-2.5584025
1456,77.85409,-2.7264072
1457,77.8426757,-2.8939662
1458,77.8283837,-3.0614364
1459,77.8135739,-3.2292437
1460,77.7975286,-3.3966054
1461,77.7803857,-3.5642271
1462,77.7627747,-3.7309063
1463,77.7404745,-3.8981097
1464,77.7226808,-4.0658786
1465,77.7002648,-4.2321652
1466,77.6776005,-4.3990272
1467,77.6529889,-4.5654009
1468,77.6281267,-4.7320012
1469,77.6018496,-4.8980297
1470,77.5735316,-5.0637719
1471,77.5442405,-5.2299199
1472,77.5165222,-5.3953221
1473,77.4831026,-5.5602924
1474,77.4529588,-5.7257145
1475,77.4192742,-5.8899158
1476,77.3840548,-6.0548183
1477,77.348772,-6.2193164
1478,77.3118791,-6.3830592
1479,77.2739801,-6.5471565
1480,77.2353885,-6.7109565
1481,77.195557,-6.874163
1482,77.1537608,-7.0372111
1483,77.111777,-7.2004498
1484,77.0687149,-7.3631418
1485,77.024396,-7.5252709
1486,76.9782314,-7.6872038
1487,76.9320488,-7.8492424
1488,76.8845057,-8.0104988
1489,76.8356036,-8.1716197
1490,76.7859409,-8.3323638
1491,76.734864,-8.4927135
1492,76.6831302,-8.6527125
1493,76.6294543,-8.8122309
1494,76.5755659,-8.9718045
1495,76.5201998,-9.1304747
1496,76.4633375,-9.2891183
1497,76.4063954,-9.4474954
1498,76.3475225,-9.6050882
1499,76.2880663,-9.7624782
1500,76.2267643,-9.9191087
1501,76.1650392,-10.0758699
1502,76.1023732,-10.2311111
1503,76.0353647,-10.3861879
1504,75.9719867,-10.5427916
1505,75.905702,-10.6965266
1506,75.837724,-10.8506088
1507,75.7692331,-11.0045241
1508,75.7003096,-11.1576737
1509,75.6289748,-11.3101639
1510,75.5580665,-11.4630652
1511,75.4859663,-11.6148044
1512,75.4128216,-11.7661467
1513,75.3386168,-11.9173752
1514,75.2644167,-12.0672383
1515,75.1849181,-12.2163219
1516,75.1099825,-12.3680219
1517,75.0328161,-12.5165775
1518,74.9537276,-12.6651824
1519,74.8741919,-12.8134696
1520,74.7937088,-12.9611926
1521,74.7122471,-13.1083554
1522,74.6295575,-13.2548764
1523,74.5459625,-13.4010976
1524,74.4618433,-13.546785
1525,74.3766744,-13.6921277
1526,74.2917155,-13.8365385
1527,74.2028483,-13.979763
1528,74.1161684,-14.1248443
1529,74.0278702,-14.2673763
1530,73.9379771,-14.4098501
1531,73.8478943,-14.5520829
1532,73.756807,-14.6934543
1533,73.6647867,-14.8345183
1534,73.572303,-14.9751307
1535,73.4786529,-15.1148317
1536,73.3840196,-15.2540316
1537,73.2886004,-15.3925661
1538,73.1921906,-15.5305091
1539,73.0952221,-15.6681593
1540,72.9975284,-15.8048
1541,72.8978549,-15.9406377
1542,72.7985191,-16.0766541
1543,72.6982846,-16.2111958
1544,72.5965803,-16.3455141
1545,72.4952749,-16.4799583
1546,72.3927251,-16.6131575
1547,72.2897644,-16.7464266
1548,72.1863453,-16.8787963
1549,72.0818053,-17.0101267
1550,71.9761812,-17.1419132
1551,71.8710766,-17.2732631
1552,71.7641526,-17.4034948
1553,71.6581214,-17.5340423
1554,71.5504371,-17.6628172
1555,71.4423202,-17.7919771
1556,71.3335797,-17.9202817
1557,71.2241896,-18.0482758
1558,71.1142492,-18.1756311
1559,71.0036195,-18.3023349
1560,70.8923442,-18.4285265
1561,70.7804708,-18.5542572
1562,70.668141,-18.6794949
1563,70.5552455,-18.8045247
1564,70.4426029,-18.928439
1565,70.3271757,-19.0510535
1566,70.2125434,-19.1751893
1567,70.0972951,-19.297564
1568,69.9814496,-19.4194102
1569,69.8647152,-19.5420597
1570,69.744237,-19.6582164
1571,69.6287103,-19.781424
1572,69.511895,-19.899942
1573,69.3950798,-20.0184599
1574,69.2748665,-20.1383364
1575,69.155609,-20.2558608
1576,69.0355068,-20.3727949
1577,68.9132158,-20.4891002
1578,68.7921824,-20.6065423
1579,68.669813,-20.7221308
1580,68.5482655,-20.8390111
1581,68.4265109,-20.9535974
1582,68.3028531,-21.068317
1583,68.1802656,-21.1840097
1584,68.0576874,-21.2976136
1585,67.9325633,-21.4097946
1586,67.8065875,-21.5240823
1587,67.6840849,-21.6376885
1588,67.5591865,-21.7491492
1589,67.4336697,-21.8609238
1590,67.3068621,-21.9722074
1591,67.1812185,-22.0844534
1592,67.0544322,-22.1947625
1593,66.9272989,-22.3052127
1594,66.7993285,-22.4144371
1595,66.671301,-22.5238512
1596,66.5428174,-22.632192
1597,66.413645,-22.7406113
1598,66.2849066,-22.8487145
1599,66.1551024,-22.9561786
1600,66.0259388,-23.0638909
1601,65.8957149,-23.1703084
1602,65.7656768,-23.2775251
1603,65.6352692,-23.3837195
1604,65.504602,-23.4903493
1605,65.3751218,-23.5943813
1606,65.2390424,-23.6970958
1607,65.1093755,-23.8074119
1608,64.9833522,-23.9087207
1609,64.8488821,-24.015169
1610,64.714412,-24.1216173
1611,64.584702,-24.2219656
1612,64.4509468,-24.3263823
1613,64.3182046,-24.4304281
1614,64.1855346,-24.5342532
1615,64.0526035,-24.6376406
1616,63.9202033,-24.7407574
1617,63.787093,-24.8418189
1618,63.651856,-24.9448908
1619,63.5191531,-25.0498501
1620,63.3871082,-25.1533592
1621,63.2543834,-25.2573767
1622,63.1220637,-25.3625989
1623,62.990693,-25.4686826
1624,62.8597895,-25.5754459
1625,62.7296353,-25.6831895
1626,62.5997362,-25.7916477
1627,62.470731,-25.9013637
1628,62.3425652,-26.0114664
1629,62.2148483,-26.122609
1630,62.0883324,-26.234672
1631,61.9623199,-26.3474824
1632,61.837411,-26.4621994
1633,61.7143503,-26.578128
1634,61.5920108,-26.6961222
1635,61.472373,-26.8154955
1636,61.3526958,-26.9346836
1637,61.2339953,-27.0570241
1638,61.1180386,-27.1807956
1639,61.0034914,-27.3051977
1640,60.8898789,-27.4317255
1641,60.7792717,-27.5599447
1642,60.6689535,-27.6889689
1643,60.5614421,-27.8207086
1644,60.4556766,-27.9521647
1645,60.3507442,-28.0848947
1646,60.2474037,-28.2197738
1647,60.1469296,-28.3559711
1648,60.0469839,-28.4927957
1649,59.9496963,-28.6316418
1650,59.8534422,-28.770807
1651,59.7589462,-28.911632
1652,59.6662683,-29.0529149
1653,59.574754,-29.1949442
1654,59.4844339,-29.3380872
1655,59.39565,-29.4820176
1656,59.3075939,-29.6261066
1657,59.2202492,-29.770741
1658,59.1339121,-29.9158503
1659,59.0481868,-30.0611047
1660,58.9628489,-30.2069842
1661,58.8787462,-30.3529415
1662,58.7934069,-30.4991546
1663,58.7112993,-30.6467449
1664,58.6278607,-30.7927484
1665,58.545114,-30.939676
1666,58.4619152,-31.086387
1667,58.379846,-31.2341144
1668,58.2979998,-31.3814381
1669,58.2159085,-31.5286771
1670,58.1337741,-31.6757158
1671,58.0511885,-31.8225734
1672,57.9687092,-31.9696379
1673,57.8861742,-32.1165338
1674,57.8033651,-32.2631405
1675,57.7201288,-32.4097065
1676,57.6370749,-32.5564068
1677,57.5538332,-32.7027977
1678,57.4701856,-32.8490423
1679,57.3862992,-32.9952383
1680,57.3022645,-33.1413289
1681,57.2179737,-33.2873768
1682,57.1337632,-33.4332836
1683,57.0489738,-33.5787896
1684,56.9640546,-33.7243029
1685,56.8787011,-33.8696697
1686,56.7935405,-34.0150585
1687,56.7079604,-34.1601714
1688,56.6222494,-34.3052191
1689,56.5361381,-34.4499016
1690,56.4496321,-34.5948281
1691,56.3640359,-34.7400285
1692,56.277798,-34.8844971
1693,56.1913494,-35.0296661
1694,56.1063328,-35.1753999
1695,56.0210253,-35.3207666
1696,55.9364888,-35.4666368
1697,55.8517563,-35.6123879
1698,55.7677848,-35.7589106
1699,55.6845843,-35.9057895
1700,55.6020363,-36.0528649
1701,55.5197669,-36.2003012
1702,55.4387709,-36.3482773
1703,55.357756,-36.4962999
1704,55.2782971,-36.6454185
1705,55.1998044,-36.794711
1706,55.122075,-36.9447957
1707,55.0465233,-37.0959584
1708,54.9719619,-37.2473531
1709,54.898609,-37.3995477
1710,54.8272225,-37.5528004
1711,54.7578946,-37.7068898
1712,54.690158,-37.8615565
1713,54.6241467,-38.0172298
1714,54.5612587,-38.1741874
1715,54.5003141,-38.3315741
1716,54.4405504,-38.4895203
1717,54.3827725,-38.6483216
1718,54.3269238,-38.8075728
1719,54.2723813,-38.9675551
1720,54.2217148,-39.1288143
1721,54.1726424,-39.2902187
1722,54.1250322,-39.452208
1723,54.0796906,-39.6150529
1724,54.0373535,-39.778377
1725,53.9952054,-39.941714
1726,53.9553468,-40.1057106
1727,53.9168396,-40.2699878
1728,53.88084,-40.4348809
1729,53.8461108,-40.5999579
1730,53.8127891,-40.7653382
1731,53.7804028,-40.9307833
1732,53.7482983,-41.096485
1733,53.7190947,-41.26266
1734,53.6897741,-41.4286835
1735,53.662117,-41.5951312
1736,53.6355797,-41.7616369
1737,53.6093134,-41.9282052
1738,53.5840428,-42.0949106
1739,53.5592798,-42.2617458
1740,53.5360757,-42.4286533
1741,53.5114097,-42.5949499
1742,53.4899119,-42.7617217
1743,53.4615262,-42.9277694
1744,53.443102,-43.0951752
1745,53.4186533,-43.2617694
1746,53.3947503,-43.4286501
1747,53.3701159,-43.5954149
1748,53.3469204,-43.7624543
1749,53.3232192,-43.9291962
1750,53.2950972,-44.0952893
1751,53.2739906,-44.2621081
1752,53.2508993,-44.4288024
1753,53.2232469,-44.5946455
1754,53.1955945,-44.7604885
1755,53.1737579,-44.9274349
1756,53.1463627,-45.0937078
1757,53.1199365,-45.260169
1758,53.0915587,-45.4262476
1759,53.0652558,-45.592787
1760,53.0371998,-45.7589366
1761,53.0082107,-45.9249949
1762,52.979025,-46.0910112
1763,52.949297,-46.2568738
1764,52.9189011,-46.4226814
1765,52.888082,-46.588384
1766,52.8564413,-46.7539385
1767,52.8245276,-46.9194664
1768,52.7917911,-47.0847913
1769,52.7582928,-47.2499871
1770,52.7247877,-47.4150753
1771,52.690478,-47.5801506
1772,52.6568866,-47.7450932
1773,52.6150051,-47.9081242
1774,52.5850214,-48.0736307
1775,52.545153,-48.2372154
1776,52.5116038,-48.4023713
1777,52.4717288,-48.5659922
1778,52.4345157,-48.7304994
1779,52.3957565,-48.894409
1780,52.3560738,-49.058254
1781,52.3157823,-49.2215987
1782,52.2714496,-49.384325
1783,52.2340967,-49.5486166
1784,52.19161,-49.7115032
1785,52.1488612,-49.874587
1786,52.1056342,-50.0374467
1787,52.0620685,-50.199863
1788,52.0170432,-50.3620451
1789,51.9672355,-50.5217373
1790,51.9277691,-50.6852028
1791,51.8793567,-50.8462496
1792,51.829651,-51.0074148
1793,51.7821258,-51.1690971
1794,51.7323865,-51.3301145
1795,51.6834118,-51.49134
1796,51.6323309,-51.6518574
1797,51.580884,-51.8122895
1798,51.5274604,-51.9721816
1799,51.4750676,-52.1323984
1800,51.4206537,-52.2918069
1801,51.365594,-52.4511083
1802,51.3100782,-52.6102114
1803,51.253801,-52.769033
1804,51.1966882,-52.927577
1805,51.1391027,-53.0859651
1806,51.0806755,-53.2439393
1807,51.0205402,-53.4013581
1808,50.9609903,-53.5591012
1809,50.9001844,-53.7161676
1810,50.8376106,-53.8727635
1811,50.7762406,-54.0295531
1812,50.7129801,-54.1856313
1813,50.6490512,-54.341551
1814,50.5842441,-54.497068
1815,50.5186737,-54.6523038
1816,50.4523194,-54.8071834
1817,50.3848468,-54.9615895
1818,50.3168606,-55.1158001
1819,50.2479882,-55.2694161
1820,50.1777635,-55.4225659
1821,50.106977,-55.5754986
1822,50.0352388,-55.7279453
1823,49.9626559,-55.8799673
1824,49.8889656,-56.0315121
1825,49.814843,-56.1825913
1826,49.7391206,-56.3331038
1827,49.6631497,-56.4835511
1828,49.5862664,-56.633422
1829,49.5081105,-56.7826344
1830,49.4288781,-56.9314224
1831,49.3496619,-57.0799793
1832,49.2682723,-57.2275725
1833,49.1876479,-57.3755191
1834,49.1052473,-57.5222962
1835,49.0218856,-57.6686743
1836,48.9375182,-57.8144976
1837,48.8526279,-57.9600238
1838,48.766895,-58.1050573
1839,48.6806049,-58.2496215
1840,48.5924904,-58.3932422
1841,48.5047038,-58.5370811
1842,48.4156483,-58.680084
1843,48.3261251,-58.8221506
1844,48.2312316,-58.9616177
1845,48.1422597,-59.1054434
1846,48.0505241,-59.2460842
1847,47.956207,-59.3855229
1848,47.8610879,-59.5245474
1849,47.7656145,-59.6632508
1850,47.6691084,-59.8013158
1851,47.5722143,-59.9390862
1852,47.4739676,-60.0758142
1853,47.3748384,-60.2120553
1854,47.2750665,-60.3476725
1855,47.1737304,-60.482268
1856,47.0720964,-60.6165809
1857,46.9691275,-60.7498705
1858,46.8659789,-60.8828644
1859,46.7607171,-61.0143486
1860,46.6558042,-61.146189
1861,46.5490364,-61.2763426
1862,46.4419972,-61.4063193
1863,46.3332136,-61.5347551
1864,46.2240145,-61.6632266
1865,46.1145378,-61.7911214
1866,46.0036824,-61.9176239
1867,45.8913792,-62.0433537
1868,45.779518,-62.1692314
1869,45.6658156,-62.2932629
1870,45.5516031,-62.4171135
1871,45.4364935,-62.5399092
1872,45.3204186,-62.6618986
1873,45.2037138,-62.7832561
1874,45.0860684,-62.9038146
1875,44.9680139,-63.023744
1876,44.8482932,-63.1420204
1877,44.7279586,-63.2603019
1878,44.6080798,-63.3784122
1879,44.4862355,-63.4942597
1880,44.3636528,-63.6099433
1881,44.2407692,-63.7243208
1882,44.1150171,-63.8364241
1883,43.9913613,-63.9511888
1884,43.8662236,-64.0630935
1885,43.7396344,-64.1741336
1886,43.6127434,-64.2849365
1887,43.4863768,-64.3945912
1888,43.3568015,-64.5011179
1889,43.2253321,-64.6080168
1890,43.0984738,-64.7187507
1891,42.9676992,-64.823335
1892,42.8361258,-64.9287731
1893,42.7040719,-65.0330271
1894,42.571303,-65.136504
1895,42.4375285,-65.2387487
1896,42.3033443,-65.3403949
1897,42.1684006,-65.4404678
1898,42.0327406,-65.5400334
1899,41.8959651,-65.6382369
1900,41.7590818,-65.7361238
1901,41.6210318,-65.8324008
1902,41.4828199,-65.9278747
1903,41.3422256,-66.0211064
1904,41.2038363,-66.116244
1905,41.0632917,-66.2077941
1906,40.9215862,-66.2992283
1907,40.7802179,-66.3899156
1908,40.6368426,-66.4786683
1909,40.494735,-66.5693429
1910,40.3514692,-66.6575288
1911,40.2083295,-66.7461328
1912,40.0638989,-66.8328585
1913,39.9199703,-66.9210341
1914,39.7760834,-67.0077014
1915,39.6308606,-67.0929188
1916,39.4858555,-67.1790062
1917,39.3406128,-67.2642534
1918,39.1952946,-67.3493973
1919,39.0496847,-67.4335184
1920,38.903795,-67.517556
1921,38.7570627,-67.6005648
1922,38.6108351,-67.6846252
1923,38.4643856,-67.7674591
1924,38.3175645,-67.8501323
1925,38.1707704,-67.9325162
1926,38.0236633,-68.0144767
1927,37.876154,-68.095861
1928,37.7283984,-68.1768287
1929,37.5804916,-68.2572728
1930,37.4321656,-68.3364012
1931,37.2826312,-68.4144886
1932,37.1335166,-68.4931438
1933,36.9841005,-68.5700202
1934,36.8337985,-68.6462986
1935,36.6845099,-68.7210989
1936,36.5306074,-68.7910337
1937,36.380541,-68.8689486
1938,36.2292623,-68.939565
1939,36.0762805,-69.0105586
1940,35.9233202,-69.0801925
1941,35.7695887,-69.1487944
1942,35.6157684,-69.2164458
1943,35.4611882,-69.2824677
1944,35.3064055,-69.3485378
1945,35.1508215,-69.4124137
1946,34.9949642,-69.4759545
1947,34.8386386,-69.5377364
1948,34.6816946,-69.5990571
1949,34.5252906,-69.6595863
1950,34.3674051,-69.7164739
1951,34.2079303,-69.7744309
1952,34.0517181,-69.8343177
1953,33.8924074,-69.8861999
1954,33.7331282,-69.9431122
1955,33.5747808,-69.9971772
1956,33.4146152,-70.0488828
1957,33.2544771,-70.100875
1958,33.0944595,-70.1512736
1959,32.9336414,-70.2007786
1960,32.7724487,-70.2492106
1961,32.611314,-70.2967265
1962,32.4493289,-70.3420132
1963,32.2868932,-70.3872597
1964,32.1245298,-70.4314948
1965,31.9618753,-70.4744122
1966,31.7989499,-70.515954
1967,31.6355908,-70.5561458
1968,31.4717525,-70.5956201
1969,31.3079895,-70.6347679
1970,31.1441074,-70.6721601
1971,30.9797687,-70.7081469
1972,30.8151578,-70.7429107
1973,30.6501303,-70.7764973
1974,30.4852028,-70.8094897
1975,30.3198645,-70.8404614
1976,30.154131,-70.8708585
1977,29.9884905,-70.9000056
1978,29.8224266,-70.9275745
1979,29.6564099,-70.9544823
1980,29.4900011,-70.9796582
1981,29.3234996,-71.0046077
1982,29.157039,-71.0277136
1983,28.990303,-71.0495958
1984,28.8232303,-71.0707918
1985,28.6563639,-71.090665
1986,28.4890286,-71.1085218
1987,28.3212827,-71.1261796
1988,28.1543191,-71.1432005
1989,27.9864879,-71.1573673
1990,27.8187254,-71.1727526
1991,27.6512252,-71.1854518
1992,27.4833979,-71.1980625
1993,27.3155677,-71.2095834
1994,27.1487223,-71.2198001
1995,26.9794159,-71.2248962
1996,26.8105154,-71.237055
1997,26.643505,-71.2441671
1998,26.4752414,-71.2496893
1999,26.3069556,-71.2545836
2000,26.1387591,-71.2589098
2001,25.9705863,-71.2617486
2002,25.8021251,-71.2637341
2003,25.633833,-71.2651525
2004,25.4656739,-71.2651004
2005,25.2971682,-71.2641882
2006,25.1292968,-71.2626973
2007,24.9609379,-71.2582209
2008,24.7925335,-71.254927
2009,24.6243815,-71.248557
2010,24.4558767,-71.2431941
2011,24.2880119,-71.2359092
2012,24.1198187,-71.227562
2013,23.9517326,-71.2181522
2014,23.7836686,-71.2076964
2015,23.6159146,-71.1963369
2016,23.4481683,-71.1839397
2017,23.280429,-71.1703191
2018,23.1126717,-71.1559793
2019,22.9448842,-71.140883
2020,22.7779011,-71.1248776
2021,22.6104074,-71.1055946
2022,22.4425011,-71.0889688
2023,22.2759795,-71.0695221
2024,22.1087489,-71.04885
2025,21.9416779,-71.0280919
2026,21.7748039,-71.0062376
2027,21.6079821,-70.9838878
2028,21.4416337,-70.9602941
2029,21.2749598,-70.9352647
2030,21.1080807,-70.9106539
2031,20.9418797,-70.8850432
2032,20.7754346,-70.8580587
2033,20.6093794,-70.8315031
2034,20.4438271,-70.8027541
2035,20.2778872,-70.7734754
2036,20.1121703,-70.7436598
2037,19.9466559,-70.7132293
2038,19.7814217,-70.6816811
2039,19.616146,-70.6491851
2040,19.4510617,-70.6162672
2041,19.2863212,-70.5822564
2042,19.1216074,-70.5475535
2043,18.9568891,-70.5123104
2044,18.7928659,-70.4764246
2045,18.62883,-70.4381356
2046,18.4643782,-70.4006654
2047,18.300755,-70.3616618
2048,18.1372395,-70.3220897
2049,17.9732821,-70.2822884
2050,17.8118482,-70.242583
2051,17.6480263,-70.2002292
2052,17.4842043,-70.1578754
2053,17.324614,-70.1137743
2054,17.1618405,-70.0687133
2055,16.999289,-70.0242722
2056,16.8382497,-69.9799691
2057,16.677016,-69.9301351
2058,16.5131128,-69.8855892
2059,16.3517851,-69.839853
2060,16.1903547,-69.7926724
2061,16.0298627,-69.744373
2062,15.8686568,-69.693793
2063,15.7072687,-69.6460807
2064,15.5474533,-69.5951219
2065,15.3879522,-69.5442253
2066,15.2273149,-69.4885655
2067,15.0648969,-69.4423064
2068,14.9071441,-69.3894493
2069,14.7469867,-69.3360056
2070,14.587457,-69.2823779
2071,14.4279719,-69.2283942
2072,14.2688228,-69.1734731
2073,14.1096364,-69.1183832
2074,13.9507764,-69.0627322
2075,13.7919688,-69.0067299
2076,13.6333744,-68.9500708
2077,13.4750162,-68.8929194
2078,13.3170521,-68.8349992
2079,13.1589794,-68.7765059
2080,13.0010838,-68.7181507
2081,12.8436484,-68.6586786
2082,12.6861846,-68.5990613
2083,12.5285591,-68.5392811
2084,12.3714411,-68.4801755
2085,12.2169581,-68.4179505
2086,12.0593022,-68.3510447
2087,11.8990355,-68.2963527
2088,11.747257,-68.2360363
2089,11.5887567,-68.1737387
2090,11.4302565,-68.1114412
2091,11.2770042,-68.0483429
2092,11.1203073,-67.984032
2093,10.9639893,-67.9208722
2094,10.8079051,-67.8575698
2095,10.6518834,-67.7940542
2096,10.4960864,-67.7305594
2097,10.3416899,-67.6666094
2098,10.185897,-67.6009375
2099,10.0285046,-67.5377317
2100,9.8720246,-67.4760074
2101,9.7159397,-67.4131808
2102,9.5587487,-67.3511611
2103,9.4012945,-67.2902286
2104,9.243708,-67.2299693
2105,9.0854131,-67.1703847
2106,8.9263271,-67.1128003
2107,8.7674627,-67.0560562
2108,8.6078326,-66.9996403
2109,8.4475426,-66.9453878
2110,8.287319,-66.8921487
2111,8.1269493,-66.8401321
2112,7.9652526,-66.7881539
2113,7.8028113,-66.7401847
2114,7.6405817,-66.6924204
2115,7.477468,-66.6476643
2116,7.314469,-66.6029808
2117,7.1495819,-66.5614316
2118,6.9847091,-66.5227335
2119,6.8192357,-66.4863567
2120,6.6532273,-66.4521114
2121,6.4866103,-66.4200083
2122,6.320144,-66.390094
2123,6.1532668,-66.3612438
2124,5.9858105,-66.3355271
2125,5.8184935,-66.3116231
2126,5.6501752,-66.2899137
2127,5.4819814,-66.2711418
2128,5.3138096,-66.2532809
2129,5.1450417,-66.2377674
2130,4.9763178,-66.224195
2131,4.8074619,-66.2127883
2132,4.6387356,-66.2033739
2133,4.4697526,-66.1956332
2134,4.300885,-66.1898958
2135,4.1320066,-66.184575
2136,3.9631431,-66.180648
2137,3.794282,-66.1770834
2138,3.625397,-66.1751321
2139,3.4567562,-66.1734286
2140,3.2879565,-66.1724678
2141,3.1193413,-66.1718092
2142,2.9502205,-66.171614
2143,2.7815908,-66.1737044
2144,2.6131886,-66.1747116
2145,2.4443853,-66.1768803
2146,2.2759222,-66.1789925
2147,2.107122,-66.1809327
2148,1.9384522,-66.1835881
2149,1.7700107,-66.1857641
2150,1.6014525,-66.1879231
2151,1.4330366,-66.1899764
2152,1.2644777,-66.191725
2153,1.0959355,-66.1938283
2154,0.9274824,-66.1955211
2155,0.7589982,-66.1971707
2156,0.5905598,-66.1982781
2157,0.4219746,-66.1992398
2158,0.2534682,-66.2001739
2159,0.0849801,-66.2006113
2160,-0.0836094,-66.2008092
2161,-0.2521157,-66.2008577
2162,-0.4206156,-66.200431
2163,-0.5892027,-66.1999073
2164,-0.7576547,-66.1992011
2165,-0.9261437,-66.1979226
2166,-1.0945888,-66.1966564
2167,-1.2631199,-66.194897
2168,-1.431671,-66.1933268
2169,-1.6000967,-66.191253
2170,-1.7686696,-66.1890651
2171,-1.937139,-66.187002
2172,-2.1057847,-66.1847595
2173,-2.2745558,-66.1834978
2174,-2.4430271,-66.1822337
2175,-2.6118232,-66.1809254
2176,-2.7802535,-66.1809037
2177,-2.9488951,-66.1798215
2178,-3.1178722,-66.1810091
2179,-3.2864812,-66.1827391
2180,-3.4552081,-66.1847486
2181,-3.6238233,-66.1874463
2182,-3.7925895,-66.1902956
2183,-3.9613403,-66.1946716
2184,-4.1300782,-66.1996718
2185,-4.2987738,-66.2064234
2186,-4.4674377,-66.2137671
2187,-4.6361468,-66.2230468
2188,-4.8046346,-66.2337238
2189,-4.9731548,-66.2460172
2190,-5.1415255,-66.2605565
2191,-5.3097705,-66.2776238
2192,-5.4774807,-66.2974544
2193,-5.6450862,-66.3183797
2194,-5.8125723,-66.342163
2195,-5.9793619,-66.3681327
2196,-6.1460723,-66.3956801
2197,-6.3122074,-66.4262301
2198,-6.4779627,-66.4577774
2199,-6.643597,-66.491444
2200,-6.8087036,-66.5272075
2201,-6.9733346,-66.5648509
2202,-7.1375221,-66.6042415
2203,-7.3013906,-66.6459829
2204,-7.4639765,-66.6910782
2205,-7.6265554,-66.7363681
2206,-7.7882791,-66.784557
2207,-7.9502083,-66.832631
2208,-8.1109817,-66.8848398
2209,-8.2712036,-66.9372757
2210,-8.4311594,-66.9908166
2211,-8.5909626,-67.0451367
2212,-8.7499827,-67.1014765
2213,-8.9087403,-67.1583095
2214,-9.0674675,-67.2156601
2215,-9.2255408,-67.2747521
2216,-9.3831749,-67.3346542
2217,-9.5405603,-67.3953033
2218,-9.6976215,-67.4568776
2219,-9.8541195,-67.5193252
2220,-10.0108936,-67.580614
2221,-10.1676203,-67.6427799
2222,-10.3231012,-67.7076155
2223,-10.4783791,-67.7709061
2224,-10.6347165,-67.8339376
2225,-10.7911197,-67.8967287
2226,-10.9476365,-67.9592673
2227,-11.1042769,-68.0215696
2228,-11.2606852,-68.0850479
2229,-11.4160117,-68.1485436
2230,-11.57294,-68.2105026
2231,-11.7298684,-68.2724615
2232,-11.8853497,-68.3343089
2233,-12.0445631,-68.3879247
2234,-12.2001845,-68.453818
2235,-12.3560308,-68.5167302
2236,-12.5136044,-68.5761559
2237,-12.6711837,-68.6360846
2238,-12.828715,-68.6959093
2239,-12.9863091,-68.7555847
2240,-13.1443526,-68.8140857
2241,-13.3025173,-68.8724033
2242,-13.4608857,-68.9299586
2243,-13.6195482,-68.9867452
2244,-13.7783413,-69.0431914
2245,-13.9373685,-69.0990114
2246,-14.0965532,-69.1542696
2247,-14.2560259,-69.2087662
2248,-14.4155043,-69.2632372
2249,-14.5751542,-69.3168826
2250,-14.7349533,-69.3702828
2251,-14.8950242,-69.4234287
2252,-15.0543052,-69.4766919
2253,-15.2163849,-69.5227323
2254,-15.3757174,-69.5779139
2255,-15.5357855,-69.6287988
2256,-15.6961872,-69.6799221
2257,-15.8577649,-69.7276219
2258,-16.0187439,-69.7780822
2259,-16.1798999,-69.8265764
2260,-16.3416142,-69.8737879
2261,-16.5035603,-69.9195691
2262,-16.6665052,-69.9638468
2263,-16.8275382,-70.0135487
2264,-16.9897167,-70.0579335
2265,-17.1524354,-70.1019953
2266,-17.3151446,-70.1464222
2267,-17.4767509,-70.1904703
2268,-17.6393001,-70.2324339
2269,-17.8018493,-70.2743974
2270,-17.9648679,-70.3146306
2271,-18.1288052,-70.3541899
2272,-18.2925849,-70.393314
2273,-18.4565908,-70.4317801
2274,-18.6211049,-70.4688023
2275,-18.7851496,-70.5068446
2276,-18.9496403,-70.5426994
2277,-19.1144561,-70.5778834
2278,-19.2793545,-70.6125524
2279,-19.4443449,-70.646525
2280,-19.6095352,-70.679422
2281,-19.7748976,-70.7119622
2282,-19.9403787,-70.7435393
2283,-20.1061117,-70.7737916
2284,-20.2720209,-70.8032631
2285,-20.4380898,-70.8321461
2286,-20.6040423,-70.8606563
2287,-20.7704375,-70.8871361
2288,-20.9368594,-70.9141168
2289,-21.1033319,-70.939851
2290,-21.270136,-70.9645213
2291,-21.4368391,-70.9895546
2292,-21.6035589,-71.0131238
2293,-21.7705739,-71.0353862
2294,-21.9376402,-71.0571589
2295,-22.1048688,-71.0778127
2296,-22.2721483,-71.0982931
2297,-22.4392849,-71.1175833
2298,-22.607102,-71.1339461
2299,-22.7745505,-71.1528831
2300,-22.9421017,-71.1686376
2301,-23.1099881,-71.1834716
2302,-23.277917,-71.1975453
2303,-23.4458618,-71.21085
2304,-23.6138881,-71.2228854
2305,-23.7817324,-71.2338531
2306,-23.9499469,-71.2440449
2307,-24.1181802,-71.2533824
2308,-24.2864969,-71.2617108
2309,-24.4547166,-71.2687965
2310,-24.6231775,-71.2737448
2311,-24.7915502,-71.2797697
2312,-24.9600439,-71.2828622
2313,-25.1284757,-71.287336
2314,-25.2967578,-71.288909
2315,-25.4653147,-71.2899
2316,-25.6337176,-71.2900405
2317,-25.8021916,-71.2887679
2318,-25.9707174,-71.2870153
2319,-26.1391298,-71.2843941
2320,-26.3073871,-71.2801176
2321,-26.4758172,-71.2751064
2322,-26.644205,-71.2694745
2323,-26.8120467,-71.2623782
2324,-26.9803685,-71.2504751
2325,-27.1491908,-71.2456404
2326,-27.3168972,-71.2355931
2327,-27.4849433,-71.2242728
2328,-27.6529439,-71.2117013
2329,-27.8207557,-71.1987035
2330,-27.988542,-71.1828088
2331,-28.1564124,-71.1680995
2332,-28.3237648,-71.1506547
2333,-28.4914211,-71.1326751
2334,-28.6588724,-71.1144204
2335,-28.8259434,-71.0940839
2336,-28.9929803,-71.0723851
2337,-29.1596988,-71.0500354
2338,-29.3264081,-71.026642
2339,-29.4929274,-71.0016069
2340,-29.6595008,-70.9764768
2341,-29.8257287,-70.9496058
2342,-29.9918962,-70.9219355
2343,-30.1577008,-70.8925447
2344,-30.3234528,-70.8620102
2345,-30.488983,-70.8310591
2346,-30.6541341,-70.7981333
2347,-30.8192535,-70.764548
2348,-30.9839978,-70.729639
2349,-31.148488,-70.6934938
2350,-31.3126107,-70.6560501
2351,-31.4764861,-70.6170488
2352,-31.6404189,-70.5777727
2353,-31.8039601,-70.537592
2354,-31.9670993,-70.4959553
2355,-32.1299309,-70.4529883
2356,-32.2924526,-70.4087652
2357,-32.4548874,-70.3635861
2358,-32.6170799,-70.318325
2359,-32.7785145,-70.2708294
2360,-32.9399034,-70.2225402
2361,-33.1009486,-70.1732603
2362,-33.2613477,-70.1230036
2363,-33.4216604,-70.0711656
2364,-33.5820156,-70.01957
2365,-33.7409951,-69.9653926
2366,-33.8998857,-69.9086945
2367,-34.0594465,-69.8566002
2368,-34.2161378,-69.7963087
2369,-34.374647,-69.7385378
2370,-34.5328661,-69.6815003
2371,-34.6896494,-69.6207058
2372,-34.8465649,-69.5591698
2373,-35.0030435,-69.4971245
2374,-35.1590119,-69.4334991
2375,-35.3148173,-69.3696101
2376,-35.4697635,-69.3035171
2377,-35.6243687,-69.2372795
2378,-35.7782635,-69.1690951
2379,-35.9318657,-69.099939
2380,-36.0848553,-69.0298102
2381,-36.2376369,-68.958501
2382,-36.3893859,-68.8870558
2383,-36.5388271,-68.8086296
2384,-36.692048,-68.7380392
2385,-36.841612,-68.6621667
2386,-36.9915977,-68.5852336
2387,-37.1408809,-68.5076258
2388,-37.2897206,-68.4284261
2389,-37.4390746,-68.3500986
2390,-37.5875675,-68.2709059
2391,-37.7356122,-68.19053
2392,-37.8835449,-68.1097542
2393,-38.0312241,-68.0286201
2394,-38.1784568,-67.9467468
2395,-38.3254076,-67.8642983
2396,-38.4721576,-67.7814601
2397,-38.6184632,-67.6981158
2398,-38.7643484,-67.6135255
2399,-38.9105577,-67.5301114
2400,-39.0561931,-67.4454765
2401,-39.201477,-67.3608392
2402,-39.346564,-67.2752129
2403,-39.4916319,-67.1895619
2404,-39.6364621,-67.1031926
2405,-39.7817127,-67.0177092
2406,-39.9257526,-66.9309101
2407,-40.0695968,-66.8427284
2408,-40.2138601,-66.7556536
2409,-40.3567045,-66.6664028
2410,-40.4996094,-66.5775029
2411,-40.6412616,-66.4860885
2412,-40.7840554,-66.3963842
2413,-40.9247538,-66.304437
2414,-41.0656393,-66.2117007
2415,-41.2054453,-66.1188853
2416,-41.3431744,-66.0225738
2417,-41.4830969,-65.9284676
2418,-41.6208183,-65.8322517
2419,-41.758386,-65.7352983
2420,-41.8947791,-65.6367583
2421,-42.031283,-65.538191
2422,-42.1672654,-65.4390917
2423,-42.3032412,-65.3404879
2424,-42.4386377,-65.2404085
2425,-42.5730291,-65.1389393
2426,-42.7059578,-65.0356448
2427,-42.8381222,-64.9314858
2428,-42.9698277,-64.8261985
2429,-43.1008877,-64.7217327
2430,-43.22793,-64.6112924
2431,-43.3594927,-64.5046116
2432,-43.4891942,-64.3981655
2433,-43.6158221,-64.2883707
2434,-43.7427701,-64.1776087
2435,-43.8693986,-64.0665632
2436,-43.9946147,-63.9546028
2437,-44.118141,-63.8399711
2438,-44.2438333,-63.7277832
2439,-44.3666606,-63.6131677
2440,-44.4890589,-63.4973065
2441,-44.6108405,-63.3812804
2442,-44.730683,-63.2630791
2443,-44.8509514,-63.1447454
2444,-44.9706301,-63.0263868
2445,-45.0886598,-62.9063614
2446,-45.2062466,-62.7857246
2447,-45.3229342,-62.6642686
2448,-45.4390367,-62.5422359
2449,-45.554181,-62.4194171
2450,-45.6683045,-62.2954709
2451,-45.7818482,-62.1712416
2452,-45.8935825,-62.0452168
2453,-46.0058274,-61.9194131
2454,-46.1166196,-61.7928108
2455,-46.2259704,-61.6647481
2456,-46.335,-61.5361389
2457,-46.4436559,-61.4075602
2458,-46.5504938,-61.2774217
2459,-46.6570471,-61.147056
2460,-46.7617501,-61.0151189
2461,-46.8668697,-60.8834974
2462,-46.969717,-60.7502872
2463,-47.0720582,-60.6167213
2464,-47.1730415,-60.4819296
2465,-47.2737767,-60.3469269
2466,-47.3730631,-60.2109563
2467,-47.4717508,-60.0743999
2468,-47.5695968,-59.937426
2469,-47.6662568,-59.7995058
2470,-47.7626306,-59.6613847
2471,-47.8579609,-59.5226114
2472,-47.9529603,-59.3835064
2473,-48.0472121,-59.2440888
2474,-48.138934,-59.1035973
2475,-48.2280023,-58.9598253
2476,-48.3231647,-58.8204552
2477,-48.4128697,-58.6786431
2478,-48.5021156,-58.5357772
2479,-48.5900463,-58.3920166
2480,-48.6781998,-58.2484387
2481,-48.7645906,-58.103984
2482,-48.8504192,-57.9590153
2483,-48.9351748,-57.8134301
2484,-49.0192432,-57.6674461
2485,-49.1023533,-57.5209383
2486,-49.1845902,-57.3741161
2487,-49.2651057,-57.2260926
2488,-49.346342,-57.0784475
2489,-49.4254104,-56.9297523
2490,-49.5044693,-56.780874
2491,-49.5823703,-56.6315801
2492,-49.6590143,-56.4816226
2493,-49.7348455,-56.3310884
2494,-49.8104216,-56.1805377
2495,-49.8843303,-56.0293746
2496,-49.9577052,-55.8777474
2497,-50.0299044,-55.7255814
2498,-50.1012004,-55.5729588
2499,-50.1714806,-55.4198344
2500,-50.2411713,-55.2664631
2501,-50.3095061,-55.112656
2502,-50.3769914,-54.958262
2503,-50.4440009,-54.8037009
2504,-50.50996,-54.6488004
2505,-50.5753433,-54.4935252
2506,-50.6400383,-54.338025
2507,-50.7038643,-54.1821013
2508,-50.766934,-54.0260821
2509,-50.8280161,-53.8693566
2510,-50.8903897,-53.712619
2511,-50.9510161,-53.5556116
2512,-51.0104174,-53.397833
2513,-51.0702666,-53.2403836
2514,-51.1282876,-53.0824161
2515,-51.1854613,-52.9238924
2516,-51.2421033,-52.765232
2517,-51.2979014,-52.6063276
2518,-51.3529277,-52.4471192
2519,-51.4072637,-52.2875891
2520,-51.4608345,-52.1281025
2521,-51.5128826,-51.9677928
2522,-51.5663406,-51.807914
2523,-51.617819,-51.6476149
2524,-51.6688665,-51.4872393
2525,-51.7176937,-51.3260753
2526,-51.7671638,-51.1650394
2527,-51.8142708,-51.0032751
2528,-51.8635253,-50.8416615
2529,-51.9111523,-50.6814357
2530,-51.9504801,-50.5176453
2531,-52.0001525,-50.3573054
2532,-52.0445443,-50.1956582
2533,-52.087499,-50.0331097
2534,-52.1302723,-49.8702989
2535,-52.1727992,-49.7071549
2536,-52.2148197,-49.5447616
2537,-52.2516015,-49.3799772
2538,-52.2952787,-49.216647
2539,-52.3349482,-49.0536166
2540,-52.3742355,-48.8897062
2541,-52.4126275,-48.726105
2542,-52.4497434,-48.5612908
2543,-52.4893638,-48.3982043
2544,-52.5225328,-48.2328534
2545,-52.5617376,-48.0695774
2546,-52.5911294,-47.9034784
2547,-52.6325794,-47.7396147
2548,-52.6657025,-47.5757751
2549,-52.7000131,-47.4105785
2550,-52.7333035,-47.2455754
2551,-52.7665544,-47.0803044
2552,-52.7989452,-46.9150461
2553,-52.8304312,-46.7494947
2554,-52.8615617,-46.583922
2555,-52.8918869,-46.4182391
2556,-52.921933,-46.2524618
2557,-52.9514514,-46.0866549
2558,-52.9804162,-45.9206733
2559,-53.0090852,-45.754635
2560,-53.0367054,-45.5887737
2561,-53.0627907,-45.4220075
2562,-53.0911029,-45.2558882
2563,-53.1176312,-45.0896545
2564,-53.1452213,-44.9239568
2565,-53.1673083,-44.7583786
2566,-53.195578,-44.5911381
2567,-53.2238477,-44.4238977
2568,-53.2463985,-44.2595594
2569,-53.2671367,-44.0918068
2570,-53.29518,-43.9252904
2571,-53.3184831,-43.7593044
2572,-53.3412556,-43.5919131
2573,-53.3652872,-43.4251049
2574,-53.388461,-43.2580403
2575,-53.4119627,-43.0923645
2576,-53.4296361,-42.9242595
2577,-53.4573307,-42.7575389
2578,-53.4779034,-42.5913543
2579,-53.5022775,-42.424531
2580,-53.5249133,-42.2578162
2581,-53.5491619,-42.0905971
2582,-53.5740474,-41.9237672
2583,-53.6003414,-41.7570453
2584,-53.6271742,-41.5904786
2585,-53.6551842,-41.4236676
2586,-53.6846351,-41.2576063
2587,-53.7138988,-41.0911447
2588,-53.746048,-40.9250737
2589,-53.7786182,-40.7596299
2590,-53.8120226,-40.5940271
2591,-53.846686,-40.4286968
2592,-53.8828573,-40.2633709
2593,-53.9215553,-40.0988521
2594,-53.9616033,-39.934543
2595,-54.0041584,-39.7710999
2596,-54.0474504,-39.6076248
2597,-54.094223,-39.4444403
2598,-54.1434158,-39.2825441
2599,-54.1942489,-39.1215267
2600,-54.2466616,-38.9603215
2601,-54.3027209,-38.8003731
2602,-54.3598957,-38.6414206
2603,-54.4192316,-38.4828265
2604,-54.4807808,-38.3253314
2605,-54.5436401,-38.1685429
2606,-54.6084983,-38.0120946
2607,-54.6763311,-37.8569311
2608,-54.7458285,-37.7029166
2609,-54.8170064,-37.5495199
2610,-54.8902389,-37.3969951
2611,-54.9652388,-37.2454866
2612,-55.0414235,-37.0948645
2613,-55.118632,-36.9444778
2614,-55.1978652,-36.7951568
2615,-55.2775921,-36.646505
2616,-55.3581358,-36.4979842
2617,-55.4399457,-36.3504074
2618,-55.5217361,-36.2028565
2619,-55.6047616,-36.0558864
2620,-55.6880757,-35.9092297
2621,-55.7720419,-35.7628517
2622,-55.8566446,-35.6167223
2623,-55.9422163,-35.4714568
2624,-56.0274333,-35.3260308
2625,-56.1133474,-35.1809905
2626,-56.1989077,-35.0356025
2627,-56.2856647,-34.890728
2628,-56.3721392,-34.7462975
2629,-56.457834,-34.6011434
2630,-56.5443541,-34.4562866
2631,-56.6305434,-34.3115966
2632,-56.7164104,-34.166609
2633,-56.8023198,-34.0216751
2634,-56.8878781,-33.8764259
2635,-56.9736599,-33.7313184
2636,-57.0590245,-33.586051
2637,-57.1441921,-33.4407104
2638,-57.2287715,-33.294975
2639,-57.3135223,-33.1492145
2640,-57.3980467,-33.0034102
2641,-57.4823834,-32.8574663
2642,-57.5665479,-32.7114709
2643,-57.6502935,-32.5653177
2644,-57.7335883,-32.4187783
2645,-57.8170024,-32.2723039
2646,-57.9000373,-32.1257405
2647,-57.9827966,-31.9789447
2648,-58.0653543,-31.8319374
2649,-58.1479594,-31.685048
2650,-58.2300729,-31.5379412
2651,-58.3121909,-31.3907105
2652,-58.3941219,-31.2434203
2653,-58.476257,-31.0958865
2654,-58.5597361,-30.949352
2655,-58.6431019,-30.8027806
2656,-58.7274442,-30.6571101
2657,-58.8105235,-30.5101944
2658,-58.8966109,-30.364836
2659,-58.9816774,-30.2193726
2660,-59.0676184,-30.0740902
2661,-59.154051,-29.9292917
2662,-59.2411321,-29.7847746
2663,-59.3293684,-29.6408901
2664,-59.4184911,-29.4976304
2665,-59.5083694,-29.3546888
2666,-59.5997264,-29.2126206
2667,-59.6923232,-29.0715399
2668,-59.7860508,-28.9311934
2669,-59.8815004,-28.7916982
2670,-59.9788609,-28.6537593
2671,-60.0769254,-28.5161432
2672,-60.1775123,-28.3804136
2673,-60.2787603,-28.245299
2674,-60.382671,-28.1118359
2675,-60.4884468,-27.9802601
2676,-60.5954149,-27.8498823
2677,-60.7039622,-27.7202272
2678,-60.815425,-27.5932411
2679,-60.9270933,-27.4666103
2680,-61.0410952,-27.3417653
2681,-61.156212,-27.2183745
2682,-61.272327,-27.0957198
2683,-61.3904977,-26.9746899
2684,-61.5102903,-26.8559932
2685,-61.6303467,-26.7374364
2686,-61.7530603,-26.6211911
2687,-61.8767846,-26.5066117
2688,-62.001798,-26.3930185
2689,-62.1278515,-26.2808008
2690,-62.2541909,-26.1689705
2691,-62.3813376,-26.0579322
2692,-62.5090538,-25.9477422
2693,-62.6375528,-25.8382499
2694,-62.7670968,-25.7300385
2695,-62.8971081,-25.6225105
2696,-63.0278618,-25.5159275
2697,-63.1590483,-25.4098889
2698,-63.2909952,-25.3046922
2699,-63.423414,-25.2003279
2700,-63.5554241,-25.0960061
2701,-63.6870234,-24.990958
2702,-63.8207219,-24.8879628
2703,-63.9535671,-24.7860916
2704,-64.0860637,-24.6821707
2705,-64.218851,-24.5783504
2706,-64.351274,-24.4740797
2707,-64.4837706,-24.3697876
2708,-64.6169996,-24.2659689
2709,-64.7494356,-24.1634793
2710,-64.8816829,-24.0581398
2711,-65.0139302,-23.9528004
2712,-65.1439138,-23.8481816
2713,-65.2717157,-23.7389391
2714,-65.4064268,-23.636931
2715,-65.5372942,-23.5316808
2716,-65.6679876,-23.4251343
2717,-65.7987988,-23.3189492
2718,-65.928893,-23.2118947
2719,-66.0591933,-23.105126
2720,-66.1882965,-22.9968597
2721,-66.3179009,-22.8890573
2722,-66.4466882,-22.7804606
2723,-66.5754526,-22.6716956
2724,-66.7038461,-22.5626669
2725,-66.8316044,-22.4527646
2726,-66.9593845,-22.3429516
2727,-67.086427,-22.2322224
2728,-67.2134827,-22.1216721
2729,-67.3391087,-22.0093822
2730,-67.4655188,-21.8978611
2731,-67.5908787,-21.7853879
2732,-67.7159714,-21.6729049
2733,-67.8383463,-21.558694
2734,-67.9632867,-21.4447969
2735,-68.088374,-21.3323236
2736,-68.2115104,-21.2179416
2737,-68.3339327,-21.1020942
2738,-68.4574043,-20.9872473
2739,-68.5795573,-20.8717487
2740,-68.700694,-20.7545073
2741,-68.8227213,-20.6384494
2742,-68.9433807,-20.5209281
2743,-69.0653883,-20.404685
2744,-69.185607,-20.2869625
2745,-69.3049301,-20.168401
2746,-69.424138,-20.04873
2747,-69.5383949,-19.9260548
2748,-69.658716,-19.8087027
2749,-69.776162,-19.6892843
2750,-69.893608,-19.5698659
2751,-70.0097606,-19.447319
2752,-70.1254456,-19.325048
2753,-70.2405471,-19.2021066
2754,-70.3547252,-19.0778913
2755,-70.4700031,-18.9550468
2756,-70.582921,-18.8304524
2757,-70.6956673,-18.7051656
2758,-70.807886,-18.579527
2759,-70.9195521,-18.4533633
2760,-71.0305334,-18.3266604
2761,-71.1408977,-18.1994136
2762,-71.2506159,-18.0716121
2763,-71.3598762,-17.9433204
2764,-71.468612,-17.8147134
2765,-71.5765932,-17.6853159
2766,-71.6843144,-17.5560366
2767,-71.7902623,-17.4251528
2768,-71.8969684,-17.294709
2769,-72.0019134,-17.1629511
2770,-72.107103,-17.0310653
2771,-72.2118773,-16.8991918
2772,-72.3154271,-16.7664842
2773,-72.4181989,-16.6329292
2774,-72.5205687,-16.4992481
2775,-72.6217211,-16.3645395
2776,-72.7231198,-16.229982
2777,-72.8230965,-16.0946616
2778,-72.9219236,-15.9581529
2779,-73.0211936,-15.8220183
2780,-73.1187257,-15.6848563
2781,-73.2154174,-15.5468544
2782,-73.3115382,-15.408525
2783,-73.4066788,-15.2695377
2784,-73.5010308,-15.1299804
2785,-73.5944969,-14.9898855
2786,-73.686728,-14.8489302
2787,-73.7784125,-14.7075358
2788,-73.8692494,-14.5657483
2789,-73.9591768,-14.4232729
2790,-74.0490226,-14.2807208
2791,-74.137558,-14.1377595
2792,-74.2240768,-13.992849
2793,-74.3128238,-13.8495674
2794,-74.3978287,-13.704571
2795,-74.4827873,-13.5590178
2796,-74.5668035,-13.4130855
2797,-74.6503185,-13.2667165
2798,-74.7329787,-13.1199964
2799,-74.8144048,-12.9725841
2800,-74.8948185,-12.8247622
2801,-74.9744349,-12.6763343
2802,-75.0536152,-12.5276353
2803,-75.1310674,-12.3785726
2804,-75.2058705,-12.2272595
2805,-75.2853156,-12.078361
2806,-75.3597926,-11.9278874
2807,-75.4340322,-11.7766095
2808,-75.5072867,-11.6250371
2809,-75.5793778,-11.472974
2810,-75.6499992,-11.3199009
2811,-75.7209644,-11.1671201
2812,-75.7895183,-11.0134866
2813,-75.8574689,-10.8592868
2814,-75.9249666,-10.7049167
2815,-75.990959,-10.5505369
2816,-76.0536425,-10.393947
2817,-76.1199923,-10.239029
2818,-76.1825148,-10.0831931
2819,-76.2439687,-9.9263218
2820,-76.3050449,-9.7694398
2821,-76.3642235,-9.6117882
2822,-76.4229296,-9.4539828
2823,-76.4798385,-9.2954833
2824,-76.5366463,-9.1368075
2825,-76.5920611,-8.9779147
2826,-76.6459703,-8.8182891
2827,-76.6997326,-8.658677
2828,-76.7515586,-8.4985368
2829,-76.8025801,-8.3380442
2830,-76.8521713,-8.1771335
2831,-76.9011286,-8.0159449
2832,-76.9488606,-7.8545335
2833,-76.9952596,-7.692517
2834,-77.0415677,-7.530556
2835,-77.0859914,-7.3682261
2836,-77.1291498,-7.205428
2837,-77.1711556,-7.0421953
2838,-77.2129125,-6.8790075
2839,-77.2527063,-6.7155415
2840,-77.291252,-6.5515928
2841,-77.3291021,-6.3874196
2842,-77.365855,-6.2235386
2843,-77.4008398,-6.0588479
2844,-77.4356415,-5.8938789
2845,-77.469076,-5.7292662
2846,-77.4990397,-5.563872
2847,-77.5324301,-5.3988052
2848,-77.5600821,-5.2330259
2849,-77.5892084,-5.0670021
2850,-77.6175196,-4.9010871
2851,-77.6438837,-4.7348609
2852,-77.6688383,-4.5682252
2853,-77.6933966,-4.4016735
2854,-77.7157526,-4.2347048
2855,-77.7378846,-4.0680508
2856,-77.7555203,-3.9003643
2857,-77.7777457,-3.7332138
2858,-77.7950844,-3.5661115
2859,-77.8117052,-3.3983801
2860,-77.8271424,-3.2308301
2861,-77.8412601,-3.0629167
2862,-77.854764,-2.8952175
2863,-77.8653009,-2.7273818
2864,-77.8774949,-2.559318
2865,-77.8869439,-2.391398
2866,-77.8949996,-2.2231736
2867,-77.9018334,-2.0548379
2868,-77.9083276,-1.8865017
2869,-77.9139973,-1.718118
2870,-77.9193335,-1.5496793
2871,-77.923904,-1.3813358
2872,-77.9272235,-1.2128556
2873,-77.9303747,-1.0443716
2874,-77.9327761,-0.8758567
2875,-77.9351424,-0.7076062
2876,-77.9366237,-0.5390278
2877,-77.9386523,-0.3707427
2878,-77.9377612,-0.2020556
2879,-77.9355317,0.0335551
