tool_id,x_center_mm,y_center_mm
0,-87.93436595935798,0.18624253854438105
1,-87.93293732329383,0.33735567718967047
2,-87.93077646613706,0.6245209284668074
3,-87.92797283891446,0.8873465799259995
4,-87.92371541541833,1.175222824003592
5,-87.91793063867209,1.4666763759837032
6,-87.90991698332628,1.7836447569139409
7,-87.89970652127744,2.0917905850190173
8,-87.88784741790337,2.39368746875512
9,-87.87452236602259,2.693927926344212
10,-87.85469383486087,3.0628017571686525
11,-87.83048067125303,3.415655710619826
12,-87.80712995680338,3.7344806564257724
13,-87.77687192156817,4.085216568941501
14,-87.74518764449235,4.41814183419805
15,-87.70598278215132,4.7924398027508825
16,-87.66871672013924,5.094872698406773
17,-87.63125486271383,5.413228047477769
18,-87.58068781729668,5.7874453463913325
19,-87.53241111157467,6.115389113046531
20,-87.47727227030646,6.471053735852754
21,-87.41945898074371,6.812184284087401
22,-87.36498516396307,7.126513162373372
23,-87.29857134871337,7.473852979584958
24,-87.23392743825131,7.808431608018083
25,-87.16155457755094,8.152552466551631
26,-87.09041286097566,8.478551412177758
27,-87.01710905528279,8.799074868922462
28,-86.93780933774994,9.13288675010677
29,-86.85157285580365,9.477360685538256
30,-86.77354998190361,9.779259115020217
31,-86.6789248912061,10.13114139149144
32,-86.58862902664944,10.451405934916536
33,-86.49711564667969,10.767877879274526
34,-86.39778133681646,11.098170857575944
35,-86.29664247461363,11.422618992885731
36,-86.18924339501268,11.7562899682715
37,-86.08281742253331,12.073836871747062
38,-85.96871875227276,12.405459414207991
39,-85.85949210277066,12.711682913141846
40,-85.74011941309783,13.037883990464145
41,-85.6147316989897,13.369698326803725
42,-85.49286779931852,13.680770852420642
43,-85.3332978191286,14.076730471035852
44,-85.23581183097059,14.306907177795496
45,-85.09145114312994,14.648960403960938
46,-84.95650020093643,14.955452488364132
47,-84.81837057057393,15.263606593917796
48,-84.67973026336509,15.562914062426266
49,-84.54542079189983,15.849223777907078
50,-84.39832817604723,16.15479838939553
51,-84.23390752632596,16.488117706136737
52,-84.0857138793929,16.774748867708215
53,-83.97594263229622,16.993282713266822
54,-83.79379859150698,17.339989975715397
55,-83.64202562869758,17.62238199466227
56,-83.47647577662059,17.92384385190764
57,-83.30935309046761,18.220833254502637
58,-83.15211983055308,18.494778990132133
59,-82.9966694150522,18.761216023707338
60,-82.80061835884761,19.089036277750527
61,-82.6674872853618,19.308722929564354
62,-82.46656988067522,19.632914038047502
63,-82.29966772824567,19.896869266505394
64,-82.1207104131161,20.17481057207494
65,-81.94495691269188,20.443145440644678
66,-81.75234143321768,20.731367336737314
67,-81.5638399177591,21.007304624247677
68,-81.37886799960349,21.273180462987867
69,-81.18334192571727,21.54937380372673
70,-80.98292621383858,21.825600759262915
71,-80.79797954144203,22.07743011487166
72,-80.60448764119938,22.335217628307056
73,-80.422717222295,22.57537544774983
74,-80.23133129899745,22.823714527933156
75,-80.02642230447657,23.086232070701964
76,-79.83558888881589,23.325579723747968
77,-79.64453472631018,23.56394419668701
78,-79.45519933882352,23.79556287271775
79,-79.2436158525949,24.051564180357214
80,-79.04975081886305,24.282573058629545
81,-78.8474713794544,24.520253835712197
82,-78.64055473428456,24.7600409849098
83,-78.4330127745346,24.99678329584609
84,-78.23059636290375,25.22474336452074
85,-78.03438659135205,25.443026474053283
86,-77.79410318412633,25.70737097962698
87,-77.59755218336451,25.917779219774445
88,-77.39083463316958,26.138950491303184
89,-77.15783370183144,26.384044409639746
90,-76.89343358830907,26.652202943463255
91,-76.80972149333353,26.740488806927388
92,-76.54580928274956,27.009029350560652
93,-76.30959820747653,27.245534392332047
94,-76.06451402113089,27.486048971089907
95,-75.85085574539448,27.691228100060496
96,-75.65756523661632,27.877239276833354
97,-75.46646231674767,28.05955155515523
98,-75.22447417958678,28.28751285655968
99,-75.05012896644877,28.450582977610182
100,-74.77243254236792,28.707696882153908
101,-74.59354469144948,28.868826456332755
102,-74.41086384530021,29.03701625428497
103,-74.1415813801524,29.277773301867562
104,-73.94827130053952,29.44840005604173
105,-73.73386001541343,29.638348054989205
106,-73.48838177043011,29.851807313446088
107,-73.26038147163456,30.047058696915425
108,-73.03531238017652,30.23818541284828
109,-72.82765522179625,30.41269856779941
110,-72.61115231827891,30.593539432584294
111,-72.39457494201386,30.77363929449927
112,-72.18227268324307,30.947710441000865
113,-71.97381492583219,31.11829967220285
114,-71.71163728892515,31.33110793778908
115,-71.50000926692461,31.496070426744108
116,-71.43687341100231,31.55061348037982
117,-71.11380810515448,31.809784813384105
118,-70.86896399487821,32.00327374354588
119,-70.66449352025492,32.162044840035854
120,-70.48988045820927,32.29874507263528
121,-70.28051228151482,32.46232282874547
122,-70.04508962190131,32.64541915018899
123,-69.82540697084559,32.81297161254493
124,-69.72832054650985,32.888510147086635
125,-69.53966373237743,33.03666004049813
126,-69.40617550985286,33.141786766838315
127,-69.28984198687267,33.235339181966246
128,-69.16867154695302,33.334676939314015
129,-69.05182627250824,33.4318168378357
130,-68.94015292612976,33.52700228660491
131,-68.82921601445071,33.62286367776016
132,-68.72701289691953,33.71328242035601
133,-68.65987886761292,33.77382887956416
134,-68.61295084723749,33.81763639997921
135,-68.56405918656363,33.86585277846405
136,-68.47455353095046,33.95474427563311
137,-68.46233100155919,33.96786428882658
138,-68.41156923823408,34.02268320452857
139,-68.38991700041827,34.04656101551888
140,-68.35155116609411,34.09126099837949
141,-68.32677794106993,34.12153436127468
142,-68.25798984328385,34.2074230768183
143,-68.24042226812566,34.22922577196512
144,-68.19781591312794,34.287619336227166
145,-68.1615079209061,34.3384463139302
146,-68.11187513995904,34.410232632674195
147,-68.06421507494477,34.4823537365728
148,-68.00282474321891,34.57724512240064
149,-67.94150969697928,34.67552605827326
150,-67.85617404896895,34.814755956759576
151,-67.77300542713613,34.95308412348029
152,-67.68072217334453,35.10895396357053
153,-67.58836735260446,35.267174459153246
154,-67.49526526263787,35.427437247625036
155,-67.40773452042546,35.583338658225
156,-67.28175677493553,35.80515509634364
157,-67.18054930237501,35.98391886296695
158,-67.08187625635126,36.161719230088536
159,-66.95683439594274,36.3862893031504
160,-66.82751177830782,36.61746798230085
161,-66.70673001992508,36.832564381716765
162,-66.57818571433182,37.06121074053845
163,-66.44827109526476,37.2906706104737
164,-66.3254812161918,37.50732852635538
165,-66.19040099128344,37.744373599225405
166,-66.05938018082242,37.972952788773085
167,-65.93045571511676,38.19688156362166
168,-65.7982036624339,38.425998640163456
169,-65.66009794680981,38.66319151371813
170,-65.52870695302227,38.88764804141171
171,-65.39839916764379,39.10981771463033
172,-65.26081065382812,39.34292881423557
173,-65.12221118577585,39.576235127183686
174,-65.00845999194311,39.767617036336716
175,-64.87400299951113,39.99385800713747
176,-64.7811484929795,40.1505294267681
177,-64.67477951676635,40.33228010001227
178,-64.56762759831358,40.51679221894513
179,-64.4744787164607,40.67797496390003
180,-64.38759563593175,40.831090724993736
181,-64.29733370845084,40.99223126736051
182,-64.21141892984784,41.148344877354056
183,-64.13960679225549,41.28035715141316
184,-64.07238695145506,41.40761384501555
185,-64.02579830243457,41.49786611835674
186,-63.973162865477846,41.60424433129025
187,-63.93280066406747,41.68751974486895
188,-63.906539238868874,41.74512376420198
189,-63.87347305691813,41.81977336698055
190,-63.86764193683322,41.83406449495999
191,-63.841810120667766,41.900549831229796
192,-63.81046545669433,41.983893099367066
193,-63.78269876000125,42.06199252689474
194,-63.77591723261061,42.08048841394992
195,-63.76137723350471,42.12945396855927
196,-63.739055799513814,42.204027285366344
197,-63.727479397113314,42.24850261499115
198,-63.696301040087576,42.368570748938936
199,-63.677431328594125,42.447677050539234
200,-63.660681580665496,42.52210847582617
201,-63.63531860185807,42.64341509931618
202,-63.60326041857479,42.80527503018634
203,-63.57979534833714,42.92571074176639
204,-63.55492273238431,43.06821897905592
205,-63.53173161252757,43.20478706576722
206,-63.502815250317525,43.387150102105124
207,-63.47522822785758,43.56633661588839
208,-63.449722989725956,43.74081694373296
209,-63.42063627807686,43.94210500530988
210,-63.376185757620576,44.26041354515063
211,-63.36279177815012,44.351317627115016
212,-63.31266331603742,44.71417048227754
213,-63.27893443625233,44.94690224549629
214,-63.250071651817066,45.15079420795083
215,-63.19727469266012,45.505518796153936
216,-63.18748453268465,45.573370017539766
217,-63.12180383310864,46.028192296683066
218,-63.08717827367788,46.23348674223273
219,-63.05763053843615,46.444436157338544
220,-62.99862663754111,46.81240946760432
221,-62.9575806966634,47.05812322780117
222,-62.9137307881611,47.32844551196559
223,-62.86031841129092,47.63847043251275
224,-62.81143953834018,47.915104642906854
225,-62.75930503289697,48.20228134617864
226,-62.70527339392025,48.491854486867524
227,-62.65060857068248,48.77668120951807
228,-62.591770712094714,49.074770401558695
229,-62.53671551398858,49.346236079044225
230,-62.484427466845965,49.59971497963004
231,-62.39412407483882,50.01360225632861
232,-62.368922197108986,50.138719289399226
233,-62.293559479422456,50.47180665817276
234,-62.22146162911855,50.791403500297676
235,-62.16543758988932,51.034430065205726
236,-62.08796932813952,51.358947327247826
237,-61.99318181423325,51.740374624838786
238,-61.960519662262314,51.86677865947313
239,-61.86891594107733,52.23137743516189
240,-61.797529469903346,52.5027812010011
241,-61.718066126535945,52.799972800959594
242,-61.60873122878132,53.1872252690937
243,-61.58698154393804,53.26900806955529
244,-61.43835644537634,53.78290612784248
245,-61.37510342836878,53.99225171226199
246,-61.290364871267776,54.270459742005805
247,-61.19560805655099,54.576864097781
248,-61.08932019981151,54.90882530723166
249,-60.99876853193632,55.18214306328355
250,-60.89353055081355,55.4957694759317
251,-60.79496875915409,55.781014220457685
252,-60.69339169725262,56.06990154609287
253,-60.590477304094435,56.35639630742848
254,-60.47850379017258,56.662040327397385
255,-60.36854368423651,56.95310286422789
256,-60.259010773167006,57.24049138298
257,-60.14464138624841,57.53076617259169
258,-60.03595177410802,57.80540399131651
259,-59.909969994538486,58.114558170969275
260,-59.7881546784137,58.40708847333389
261,-59.66230477105665,58.70308799595365
262,-59.53438222494424,58.997162856355736
263,-59.40277757019253,59.29373329730361
264,-59.26384365177185,59.59904652133082
265,-59.12966350461291,59.88765167520058
266,-58.98731555224134,60.187502950031124
267,-58.845262457018734,60.47978208094956
268,-58.69729946588933,60.777656988878334
269,-58.5575146352263,61.054100300257886
270,-58.396207471020986,61.36584509867802
271,-58.24970492909612,61.642373058786355
272,-58.09090846280081,61.936857990644086
273,-57.94633244000812,62.20086627765579
274,-57.7687850704467,62.5168775015934
275,-57.60666809075192,62.79912456927191
276,-57.449453654082056,63.068332399352556
277,-57.277551504624654,63.35762905886881
278,-57.11003971428778,63.63274071718312
279,-56.94660436256862,63.89824437176315
280,-56.69162413418304,64.30104745342621
281,-56.603728522197116,64.432665220695
282,-56.405794019895865,64.74039541929169
283,-56.18713448926144,65.06471220132727
284,-56.01272672324638,65.31876854450287
285,-55.830835263480594,65.5794797128382
286,-55.630506326754954,65.8615385026874
287,-55.43436462287926,66.1318260857275
288,-55.224190507153644,66.41523950474725
289,-55.02252912567012,66.68205318277113
290,-54.81525084090848,66.95035587669642
291,-54.600249655397754,67.22272173303817
292,-54.39043472073564,67.48439715665093
293,-54.162119922418405,67.76222453099486
294,-53.93874686760765,68.02754364582374
295,-53.737990708789624,68.26289748787218
296,-53.488399860018305,68.54925175350613
297,-53.28439636400005,68.77808569224747
298,-53.042050189607814,69.04538603955439
299,-52.81537235922712,69.29022523299591
300,-52.579361100269224,69.53998057423703
301,-52.34888261861371,69.77942140240509
302,-52.1046098187608,70.02857074222547
303,-51.85265888429727,70.27916143454075
304,-51.642551387923874,70.48573407718341
305,-51.36369661111455,70.75377161552386
306,-51.10268455388114,70.99878195946594
307,-50.859690003600974,71.21977748792291
308,-50.65304637416063,71.40904980309665
309,-50.36636556338843,71.66334514255404
310,-50.130277256858335,71.8693857712644
311,-49.77512110084894,72.17001803023885
312,-49.654989056342835,72.2673132220081
313,-49.35640321869327,72.51795893154684
314,-49.06592057800503,72.75113330270091
315,-48.79606457742642,72.963508405656
316,-48.521000418646175,73.17546296287274
317,-48.24376721329228,73.3847065789105
318,-47.95991324174465,73.59408713623782
319,-47.686835353391274,73.7909563367553
320,-47.40171827146128,73.99260899228635
321,-47.07920699290763,74.21513562415379
322,-46.85230971002041,74.36756601616385
323,-46.518062503249254,74.58904163847942
324,-46.24774621352417,74.7632159756099
325,-45.98519138544292,74.92853375338866
326,-45.75251612851924,75.07534805337907
327,-45.47029299015375,75.24960922273738
328,-45.2301168036847,75.39515268283273
329,-44.98051037575556,75.546809201957
330,-44.71040519121155,75.70677106789975
331,-44.49056777529036,75.83678326554156
332,-44.24121121030965,75.98294239036541
333,-43.98288008757416,76.13225490354678
334,-43.7435115185964,76.26885454231865
335,-43.52330061405285,76.39480353166995
336,-43.27236852207663,76.5365002141958
337,-43.03302992109056,76.67084118510256
338,-42.77590786639489,76.81357956823005
339,-42.523325451137765,76.95228256335051
340,-42.22873619716859,77.11154944058252
341,-41.95328890609112,77.25680767630321
342,-41.68775979607439,77.39587779297713
343,-41.387467651434456,77.54938512323007
344,-40.97584486902273,77.75284612065954
345,-40.84031019164836,77.81799299238793
346,-40.434840001284016,78.01222030354785
347,-40.14019355417311,78.14796597835206
348,-39.83022254574415,78.2872262001146
349,-39.51175146152032,78.42630426468646
350,-39.20419122694824,78.55749245413384
351,-38.87690985979044,78.69244811465104
352,-38.558735802409394,78.82014857828663
353,-38.26072674121654,78.93669850334567
354,-37.870442422022194,79.08345168661612
355,-37.692336171425936,79.14781123893628
356,-37.260228162314775,79.3042340846781
357,-37.038198709500406,79.38105811197575
358,-36.63959819066047,79.51578452369108
359,-36.33653125741757,79.61400187367201
360,-36.00946508930327,79.71700991748041
361,-35.69083137542018,79.81397939098106
362,-35.33827802281155,79.91760823958346
363,-35.02390504102708,80.00555778648875
364,-34.70882222956837,80.09178188285745
365,-34.35934868872069,80.18305908174857
366,-34.02242141663931,80.26710470959345
367,-33.72828004853131,80.33794504003194
368,-33.38035054290632,80.41889328863145
369,-33.02803271001512,80.49612651782897
370,-32.699714041681105,80.56436659529706
371,-32.35930150334704,80.63222552096634
372,-32.021020574195504,80.69525059773649
373,-31.67544269704954,80.75668311178124
374,-31.338270358936487,80.81237722702724
375,-31.006855391267663,80.86396916508266
376,-30.67056085275314,80.91347146062864
377,-30.324294619219437,80.96027203841007
378,-29.990693652861573,81.00240412998527
379,-29.627120065456825,81.04383485360346
380,-29.32989332571313,81.07518312498291
381,-28.967443545321462,81.10994456371361
382,-28.661053172196084,81.13716847929928
383,-28.32113472502317,81.1632990023535
384,-27.99968989869064,81.18612019240071
385,-27.57002795564226,81.21019647398587
386,-27.412240259853235,81.21828507597546
387,-26.979630759314837,81.238451150498
388,-26.65988521962536,81.2485470785809
389,-26.339047480340515,81.25687155810017
390,-26.00974847533257,81.26198052056208
391,-25.68938678652201,81.26496055859673
392,-25.35759184103144,81.26465740849864
393,-25.001654629823317,81.2617174504959
394,-24.672144121086482,81.2543613985917
395,-24.345134651463276,81.2450324764328
396,-24.04457315322176,81.23465301595469
397,-23.689355636792065,81.21850470292918
398,-23.357075346079032,81.20044582063355
399,-23.03115904467453,81.17964056817442
400,-22.697580263575173,81.15569550351411
401,-22.377171504724764,81.12957438102774
402,-22.067037418878403,81.10227834460362
403,-21.687023154000798,81.0649191105681
404,-21.42884115861157,81.03713957513077
405,-21.060210334049103,80.99530441035837
406,-20.767399416724576,80.95906819252869
407,-20.463748590730802,80.91991947797041
408,-20.136183223750166,80.87521938992221
409,-19.82774527939374,80.83004890938362
410,-19.543474086396387,80.7875804431776
411,-19.23413213050372,80.73872900948388
412,-18.91721584085954,80.68717688383461
413,-18.59541834958265,80.63108144945375
414,-18.306579430603875,80.57928993987682
415,-17.988527193467966,80.52000325079622
416,-17.682922650775108,80.46053210827252
417,-17.376048041857494,80.39875714085396
418,-17.07718058604843,80.3363496755354
419,-16.77132927203445,80.27067921471955
420,-16.439185249795415,80.1957639625257
421,-16.15792231014032,80.1309724058078
422,-15.855044731488467,80.05845192741971
423,-15.590495030177962,79.99425051660447
424,-15.257634863937106,79.91097951039944
425,-14.920538168943072,79.82357758846581
426,-14.602303895358997,79.73625580957606
427,-14.383024964314338,79.67598419531954
428,-13.996228081160998,79.56697436756771
429,-13.853807089361593,79.52516810784806
430,-13.552539252065507,79.44002998092306
431,-13.198586231411205,79.3353245439599
432,-12.95034231829041,79.25852066999681
433,-12.649436000159152,79.16694689228629
434,-12.254923758797698,79.04059057553154
435,-12.180891187739231,79.0149919741944
436,-11.814765073605738,78.89956224595826
437,-11.530126065213194,78.80452198621728
438,-11.259235809985753,78.71314028589813
439,-10.98284234094958,78.61818592987761
440,-10.719003552537147,78.52644431501992
441,-10.44900504816755,78.43140615449533
442,-10.16911339455805,78.33113493114237
443,-9.885977190815517,78.22796367123424
444,-9.631748970553033,78.13399827610704
445,-9.354880460940723,78.0304863282672
446,-9.114584823536633,77.93953217778628
447,-8.835776645986538,77.83396077618974
448,-8.40175168120846,77.66139149762942
449,-8.46360736102266,77.68538961039087
450,-8.082845798884902,77.54046332602387
451,-7.838778861837276,77.44446926480529
452,-7.51024044640397,77.31187856236235
453,-7.310504862823059,77.23009293840718
454,-7.090947513055848,77.14122268938515
455,-6.850599232320212,77.04343759451461
456,-6.569222684255954,76.92792006196417
457,-6.378330130564978,76.84775477625318
458,-6.254232967509605,76.79875306833651
459,-6.026858312754736,76.70790156711635
460,-5.8809260700373995,76.65056215355597
461,-5.720524168751683,76.58890082115632
462,-5.604302832945423,76.54517467381521
463,-5.461467118734624,76.49396571773029
464,-5.3320662968045855,76.44799606045649
465,-5.215192783210673,76.40894023690505
466,-5.058174239587606,76.3576312601277
467,-5.001237504427181,76.33951653568481
468,-4.917224792661303,76.3147187620485
469,-4.816448711955515,76.28709408606932
470,-4.780651272459982,76.27706225887401
471,-4.764534389492221,76.27329747356967
472,-4.71419578452444,76.26266660800607
473,-4.656841908218128,76.25119865767502
474,-4.566699521349876,76.23527563412834
475,-4.523068008408483,76.22807974943044
476,-4.467315743764198,76.22015323206156
477,-4.415564079317236,76.21420848002938
478,-4.322038365453032,76.20413847233486
479,-4.258678815800957,76.19876073559746
480,-4.19125964798989,76.1937947966889
481,-4.104606608337498,76.18939281770966
482,-3.985432182257128,76.1849474629117
483,-3.82152612614707,76.1800273580741
484,-3.6585583050774324,76.17639118048217
485,-3.4911627355766983,76.17428616325486
486,-3.2918341636970054,76.1726514902605
487,-3.0886843672427724,76.17177664879857
488,-2.9403641237243083,76.17237914607742
489,-2.7180146598316313,76.17420492762703
490,-2.50588654264481,76.17689512939619
491,-2.2721474508794275,76.17967985521634
492,-2.0361790135072586,76.18315452847071
493,-1.7801709860163304,76.18645404229164
494,-1.524558061755642,76.18956074334413
495,-1.2824085581309776,76.19227332857704
496,-1.0256778090685907,76.1950389039937
497,-0.7568188375142353,76.19739870086681
498,-0.49841882594233494,76.1989664264078
499,-0.23272265506253115,76.20025850063222
500,0.03336658493985438,76.20075697085093
501,0.30055942553609105,76.20076136836616
502,0.5619357131033175,76.20003995415581
503,0.8311509373515538,76.19891902415539
504,1.096349275042796,76.19692268847537
505,1.3543190864385606,76.19448802729136
506,1.6138145277132194,76.19183911068757
507,1.8670796809917194,76.18862942015794
508,2.1045585153407385,76.18565287315806
509,2.3091287465259076,76.18351517146338
510,2.539120372792231,76.1817869800747
511,2.7463887621920327,76.18084960806097
512,2.9480500605394253,76.17985163662972
513,3.0981596271436396,76.18133201945159
514,3.3017092216944652,76.18361420628855
515,3.499684912139055,76.18676791910428
516,3.659936007100703,76.19021652155963
517,3.802976177096848,76.19451680557017
518,3.9421696149371908,76.20032344001709
519,4.051922492809577,76.20602430353418
520,4.152929068294944,76.21274821712966
521,4.205419069832552,76.21670158681616
522,4.238570186811469,76.22055309517556
523,4.313504283429002,76.22956285385052
524,4.35450095924633,76.23555629724731
525,4.4168939983212,76.2454324328103
526,4.4827497683158155,76.25752721519352
527,4.5708918512417345,76.2746241595123
528,4.635792669880221,76.28827798604219
529,4.711746953680834,76.30603165998468
530,4.731496934122703,76.31033423920572
531,4.80782652009227,76.33188236737526
532,4.917026870802469,76.36346506458769
533,4.987845327081968,76.38415640724808
534,5.0841787036352075,76.41615266244084
535,5.239278558628712,76.46775389634365
536,5.3529532555314585,76.50697053928819
537,5.515616922047192,76.56506967235136
538,5.647411311887554,76.61300949387906
539,5.7877318791916945,76.66603899849099
540,5.942538117247279,76.72574446567225
541,6.129384883422681,76.79971485581792
542,6.353262102989656,76.88774100191137
543,6.462322151440329,76.93208606906289
544,6.722535726258341,77.03878647384265
545,6.978127576775473,77.14172449463943
546,7.224468672780245,77.24033264098144
547,7.412134336973788,77.31528536285516
548,7.6405264095293255,77.40831661510134
549,7.9297379264187065,77.52329243804868
550,8.29972763477822,77.66842101337124
551,8.485286054542854,77.7336307638454
552,8.557899480376228,77.76752860747112
553,8.963526373966538,77.92480127051402
554,9.185307501982804,78.00909949936577
555,9.449333168042756,78.10913353256143
556,9.731646335262383,78.21386849369954
557,10.011722411075853,78.3163538922776
558,10.29027185611743,78.41629131251639
559,10.564135876403345,78.51312362952238
560,10.847233222342192,78.6116294843951
561,11.110950436316102,78.70175576922452
562,11.382173849010808,78.7934280124558
563,11.63153273515567,78.87665930156783
564,12.02752137175328,79.0070188191603
565,12.215231528433481,79.0628804795297
566,12.413115931423775,79.12914464921121
567,12.784130642786167,79.2463276142139
568,13.022314908336721,79.31835006635492
569,13.337499764898578,79.41410680112044
570,13.69066767230408,79.51628128207778
571,13.874565598537917,79.56655433091402
572,14.136832508180714,79.64431459909369
573,14.488185320393043,79.74068742104782
574,14.727966899869056,79.80604568345409
575,15.058113005860786,79.89390312412513
576,15.374634787628686,79.9752989980609
577,15.699727728005277,80.0550606534228
578,15.982824014869909,80.12289885726105
579,16.289006853756394,80.19399276977617
580,16.560380764431958,80.25609626434196
581,16.898423576806156,80.3301292417077
582,17.187176903913166,80.39130150103043
583,17.4937014119593,80.45439729198513
584,17.791268939475096,80.51338827603917
585,18.115263549463968,80.57555142607264
586,18.433720523878677,80.63326148635753
587,18.719559671940143,80.68337012875878
588,19.04858888132688,80.73885674571997
589,19.335212239184866,80.7849670161872
590,19.653017904101187,80.83409174122524
591,19.930530656410152,80.8754246114869
592,20.269023218080555,80.9236278100524
593,20.583445610414994,80.96523150545602
594,20.883610372404895,81.00295863529442
595,21.21747295104659,81.04293218476052
596,21.537687539294083,81.07678722757645
597,21.835624081365413,81.1085504413528
598,22.19878029923004,81.1419137360365
599,22.5097153296053,81.1680122131662
600,22.84375678786453,81.19334068999053
601,23.169485633330602,81.21507592753564
602,23.485234986267947,81.23364261188105
603,23.817806161659806,81.25069756853645
604,24.176026928257173,81.26479226896191
605,24.48337616241469,81.27483940490823
606,24.793300966542592,81.28181866567884
607,25.142071761834487,81.28789206230704
608,25.467106669923393,81.28989350045443
609,25.799835674322903,81.2890671103596
610,26.107566992685946,81.28606851690623
611,26.456156452111962,81.27955308717874
612,26.77264128767328,81.2706892722193
613,27.146067441739284,81.25716801864228
614,27.45516450297118,81.23995651189963
615,27.67275733439057,81.23156835736428
616,28.113798707977057,81.20456659901423
617,28.44089150924561,81.18062206745833
618,28.797973199762286,81.15073101397974
619,29.108410283666828,81.12266353890926
620,29.45697331165988,81.08646593899849
621,29.773025331467444,81.05206487864878
622,30.143956383778757,81.00686738158178
623,30.463989058937127,80.96462634691765
624,30.8055782578661,80.91656447551357
625,31.121081448971005,80.86908425150787
626,31.46135812455571,80.81491991934013
627,31.81309368575336,80.75499663482401
628,32.13709024084523,80.69616522028439
629,32.47960966139646,80.63095020196519
630,32.81353757737928,80.56362517078524
631,33.15765480427056,80.49056739532953
632,33.50957158536976,80.41175072401407
633,33.82831245187844,80.33658659913397
634,34.136083208708804,80.26199787577927
635,34.485530678386915,80.17361954497196
636,34.8240782922373,80.0834899704822
637,35.1202372625557,80.00184989503319
638,35.45886287740793,79.90598566554316
639,35.79047264100244,79.80764074808899
640,36.11215586082075,79.70913393574497
641,36.42593558839539,79.60949485694614
642,36.75922412441315,79.50129944586644
643,37.088342535622274,79.38792457568594
644,37.40538046762995,79.28018303877154
645,37.74924621106766,79.15198784281942
646,38.00421094429804,79.05943542178368
647,38.38321668113339,78.91369293476892
648,38.680659903062036,78.79627298363327
649,38.989057660763706,78.67104364576483
650,39.317526626481005,78.53395979043408
651,39.636755041923074,78.3969484844319
652,39.96549435366333,78.25067793250022
653,40.273606884318404,78.11022587429063
654,40.625945703157896,77.94500504235991
655,40.93779051437576,77.78992591093255
656,41.14035930309184,77.69362731504464
657,41.52520719438906,77.49855910857664
658,41.822190739531536,77.34412069848193
659,42.052323348142636,77.22242095826492
660,42.33323625228328,77.07307749176965
661,42.598395941260215,76.9289372798747
662,42.85342367283739,76.78909711253282
663,43.11702806803925,76.64233052794928
664,43.36885576281357,76.50055751195514
665,43.6362430286007,76.3479992591105
666,43.85139373534017,76.22418685226945
667,44.10506599280289,76.07734688390867
668,44.35406082983245,75.93156496831817
669,44.59364715446608,75.79010813046018
670,44.80474041555647,75.66472664900299
671,45.09162550761881,75.49321546658314
672,45.32277148330561,75.35224693313711
673,45.597331285909505,75.18343471675271
674,45.88270057858357,75.00473855706088
675,46.11726843948462,74.8551594368352
676,46.42117122248849,74.65843033398352
677,46.71137200007692,74.46651673910722
678,46.99163921163593,74.27462305679776
679,47.226942683975174,74.1142216805445
680,47.533876210147454,73.89875069444743
681,47.79244898493213,73.71266817131558
682,48.00668029749054,73.55727346893131
683,48.24492278015827,73.38384095061406
684,48.56215400544897,73.14718608354802
685,48.87658779957866,72.9047575783855
686,49.12900408667847,72.70502602056571
687,49.477973929340465,72.42419807693467
688,49.66636704326873,72.26407281041516
689,49.88693363314718,72.08342602869972
690,50.21539824364762,71.80146878148449
691,50.445183516553556,71.60040286416823
692,50.744599044208634,71.33254948234413
693,50.926444194408646,71.16638485533448
694,51.21717323154679,70.89810666915497
695,51.46390220035653,70.66403136229334
696,51.72957668215044,70.40565134778345
697,51.93267999777101,70.20547148254965
698,52.19270583232465,69.94439442934356
699,52.426030958369175,69.70485213317846
700,52.65412618819231,69.46640490661535
701,52.8946510205187,69.21033217341366
702,53.131374452460236,68.95251656460273
703,53.361488707324284,68.69582302124795
704,53.574536309335,68.45538858603626
705,53.81856198889093,68.17265623043176
706,54.01434110569638,67.94172984736807
707,54.2437191553824,67.66626712617229
708,54.469242018327414,67.38939878831373
709,54.67480726355387,67.13113951776813
710,54.903891955430154,66.83705063344703
711,55.11131087341536,66.56428645544396
712,55.309981894658975,66.29826728262839
713,55.5117691928107,66.02170048163165
714,55.7065724525481,65.75022584773969
715,55.8923968945311,65.48567759601967
716,56.070192179238525,65.22893409792941
717,56.24442274694597,64.97382918582237
718,56.4921644176858,64.60120801143817
719,56.610753007040806,64.41238700464925
720,56.76987281074206,64.17266936650846
721,56.99450877192801,63.81575605141676
722,57.154398416321364,63.55513841484145
723,57.329296246964475,63.26605515520449
724,57.498551021592796,62.97991034551626
725,57.662244051427336,62.69740162705904
726,57.82527038836299,62.41076134858923
727,57.99194216939888,62.1102636783563
728,58.13894348568685,61.841797963561795
729,58.29604772940041,61.546940005834415
730,58.450423632071775,61.25291421072158
731,58.60342439936344,60.95354482595962
732,58.74333236099759,60.67518676821739
733,58.893752637522525,60.36879161253477
734,59.03777030894551,60.06864851103614
735,59.18013670554943,59.764911577572605
736,59.314223147243084,59.47184969556409
737,59.453445453462066,59.16085549005777
738,59.57756895961269,58.87662291222871
739,59.701856100607245,58.58700299841685
740,59.8207516994445,58.304485621174074
741,59.94090935454086,58.013435597534254
742,60.0705049535398,57.69234382238578
743,60.17112878894489,57.43642314596389
744,60.29540093277567,57.11684084120077
745,60.396666964278545,56.84879100836681
746,60.51540986849302,56.5293781849054
747,60.62102648871996,56.23642662437331
748,60.72434468340634,55.94439638972155
749,60.82578693678612,55.65105596628903
750,60.92943591254622,55.34464076245846
751,61.01556845162173,55.082351766788975
752,61.10782929899548,54.80190604640438
753,61.216195888297015,54.461758215179
754,61.30892277162225,54.15779589940801
755,61.390053235598,53.88570693930863
756,61.47698205725702,53.596394911506785
757,61.5870523417547,53.19470018092747
758,61.61677879751545,53.0984814734044
759,61.73562983731233,52.663602713785366
760,61.80727735444712,52.39131126998668
761,61.89461587303529,52.05378655698146
762,61.962224986002866,51.76914318294559
763,62.011319632637665,51.58189968188648
764,62.09544284337478,51.23450208593039
765,62.165716628325576,50.93389929412818
766,62.232836688012206,50.64552517849088
767,62.297392135644344,50.34526071475964
768,62.361399194813984,50.046965814957034
769,62.38465792270166,49.952221576455585
770,62.478172854422695,49.50601115206745
771,62.53248176804466,49.23966272175254
772,62.589579213212694,48.95399167556234
773,62.647829593755965,48.65209739537656
774,62.70178983020721,48.36438167205266
775,62.7527204509577,48.084961742063975
776,62.80297572012208,47.803414773668315
777,62.85208728122948,47.52084069966284
778,62.9080691863976,47.187483717393306
779,62.942672674401784,46.97171675125687
780,62.98310414719252,46.72512312175828
781,63.04074606232346,46.360728722583865
782,63.05574499150284,46.257012478372694
783,63.11835281582444,45.8705279339803
784,63.16266230127082,45.541975661284845
785,63.181033742542226,45.4310502051164
786,63.23458993538941,45.05272521239802
787,63.26556063136258,44.833708404810686
788,63.30922296072452,44.52012056967275
789,63.338774749754634,44.275654717956215
790,63.36292763911945,44.12320315307964
791,63.399634148475016,43.852139516310366
792,63.42999597095549,43.63321003760287
793,63.451879922536676,43.48441209558727
794,63.476039314714725,43.328892629513426
795,63.501412652632794,43.17317457256222
796,63.5298380678903,43.01028570322965
797,63.55201757514624,42.885665571542035
798,63.579847576107426,42.74422681626438
799,63.610578242690934,42.59175180182307
800,63.63130895061504,42.49399774590566
801,63.647425984487484,42.424428851017005
802,63.66746921513522,42.34456164108163
803,63.68705865630977,42.2684650047719
804,63.68913097220556,42.26319417798004
805,63.71310301915301,42.18650950196934
806,63.72231737325453,42.157140441363154
807,63.74081620602119,42.10620843798993
808,63.76145269970435,42.05007182978519
809,63.792111007702935,41.97297441942279
810,63.808935243771884,41.93038548426945
811,63.82492651259601,41.895455994361825
812,63.856681572613965,41.82592587400704
813,63.886757922511244,41.76364638840211
814,63.93849666401631,41.660544940515685
815,63.98881179386463,41.562166273204326
816,64.05437845394692,41.43959637679061
817,64.1271629274843,41.304680355455794
818,64.21391272972224,41.1483723200942
819,64.29900362300344,40.99661178858936
820,64.3931655081239,40.831140353113874
821,64.4785305657363,40.682951398715836
822,64.57979447329677,40.51054634984095
823,64.69487448559511,40.31509171970428
824,64.80273182076742,40.13219352440508
825,64.91757528051362,39.940499751955485
826,65.05170663448693,39.71444536995378
827,65.16974916094905,39.51662352121478
828,65.30395470438697,39.2905863917337
829,65.43526970891806,39.068763981132065
830,65.56257411203846,38.85302443317892
831,65.6980300407035,38.622723385993496
832,65.83697553065298,38.38469879286565
833,65.96373747016428,38.16655892676498
834,66.09460611737369,37.940585415536944
835,66.22728218663546,37.7106292848588
836,66.36597221231551,37.46825148638333
837,66.4929489070815,37.24509343380029
838,66.6259305982148,37.010375863907974
839,66.75380780725726,36.78316773306189
840,66.8806520086497,36.55740692194637
841,67.00849282409327,36.32833492818933
842,67.12998689669713,36.11011323541856
843,67.21446257551065,35.959296612082085
844,67.30637971735807,35.79777514864178
845,67.42376856493624,35.593706721825036
846,67.50125382326993,35.4597207732974
847,67.61150134208867,35.27188265383173
848,67.70369284062798,35.11666098655713
849,67.78804312782134,34.97619062604699
850,67.86550588940241,34.85065261187825
851,67.94232147505667,34.72777164656216
852,68.00109498108816,34.636860274257245
853,68.06199823575724,34.544804480039545
854,68.10252880088106,34.4855447021987
855,68.15588561060058,34.41021035921859
856,68.19862865342188,34.35221436655128
857,68.22558610015558,34.316243169880494
858,68.24994869686694,34.28579151653898
859,68.29553369486568,34.23035738418107
860,68.31883632734858,34.20376704515696
861,68.37514829833,34.139914087954075
862,68.42737613595054,34.083769811932896
863,68.48207640543593,34.0255582849421
864,68.51941874482553,33.988517537641584
865,68.58256700578222,33.92541733920821
866,68.61053679845546,33.90008080075231
867,68.68301055312166,33.83367135525207
868,68.79568885009921,33.7335031204151
869,68.91738962177571,33.62647778082001
870,69.03146833905606,33.52799329405015
871,69.13231714454685,33.44285253111298
872,69.24902428004832,33.34611366293127
873,69.37532550388217,33.24353079547536
874,69.49833931328692,33.144936184055766
875,69.67851106240389,33.00280336838248
876,69.84325830506559,32.871701242299096
877,69.95888289834808,32.78270327982048
878,70.20209536918695,32.594102468702594
879,70.41316835078594,32.42884816110938
880,70.6030066203523,32.27938800352729
881,70.75440422439313,32.161056889269396
882,71.01232006037341,31.95941546745784
883,71.24890314558525,31.77102472625948
884,71.53327602103913,31.539478535469105
885,71.55510065048787,31.522513191196346
886,71.86439758990758,31.275523582801398
887,72.0778973550638,31.101824704894845
888,72.29297049118037,30.925480910600662
889,72.52732722556364,30.7317225586853
890,72.73659260462253,30.55718926331447
891,72.95674430231897,30.371558259802477
892,73.17904449344996,30.18310952908658
893,73.3975132393024,29.99549125503627
894,73.61514268045444,29.807101511472766
895,73.85546303962377,29.59705286921757
896,74.06201349135249,29.413540767788806
897,74.28527790405109,29.21405778608083
898,74.54530352807923,28.977326460168477
899,74.67182516818114,28.860735210634154
900,74.91842274247789,28.63646742874795
901,75.15441799442539,28.415394935185283
902,75.34970299929962,28.232722961034746
903,75.585247750315,28.00778964088852
904,75.77541009045603,27.825787397071196
905,75.95821302336276,27.64934222378711
906,76.21240915853033,27.402000267411097
907,76.4904567963575,27.12429935843177
908,76.68432327675643,26.921989751744462
909,76.7823914081714,26.826449206703256
910,77.05172987101697,26.552519653808524
911,77.30343581549005,26.28867547985977
912,77.51918746815323,26.059354745175842
913,77.69840615888586,25.865597463543686
914,77.92358986205807,25.621942451225426
915,78.14114621076044,25.3808552489807
916,78.34402470941595,25.15309847182703
917,78.55126334558308,24.917433804473212
918,78.75596419383025,24.68111387657611
919,78.95208515831237,24.45172510442855
920,79.15144776912562,24.215764997904575
921,79.35559947331492,23.97084551117757
922,79.55670183787457,23.724622513780773
923,79.75230279360224,23.48304304720158
924,79.92581618916262,23.265457216841956
925,80.12834051178105,23.009202382641075
926,80.32879080064285,22.750370657043796
927,80.5227112033372,22.496285765402877
928,80.70202293596795,22.25791216307784
929,80.91274380561688,21.97309866538151
930,81.08555881202308,21.735131816560937
931,81.2927592373425,21.445484753351415
932,81.47646546246625,21.182669702316268
933,81.66327795141402,20.91117762183006
934,81.8501640240407,20.634068339121686
935,82.03921699898503,20.34771769294952
936,82.21237862324426,20.080494802976762
937,82.3812039309849,19.815260479011126
938,82.54664572242156,19.552321525550852
939,82.72928708251186,19.25398057860661
940,82.8761750937941,19.013727036054767
941,83.07451782239343,18.676631901379686
942,83.2286674681192,18.410287328181
943,83.3854502468634,18.13493740384389
944,83.55391029622368,17.832798337737117
945,83.71231147622383,17.54191199727112
946,83.86313503691267,17.259759522723627
947,84.05422762996514,16.892422624927384
948,84.14025390824857,16.722869879264948
949,84.32213806598486,16.363684064387876
950,84.46456322272076,16.072342357499302
951,84.61896132588967,15.749026955296024
952,84.75104069150345,15.464272675810122
953,84.89952269693282,15.137893133272371
954,85.02759205675045,14.847917397369155
955,85.17936102457372,14.49652997736215
956,85.29441259004363,14.216176485544734
957,85.41470902334518,13.927915379616955
958,85.5518485504873,13.581921638265475
959,85.67602665738163,13.260024010699919
960,85.79792415887235,12.933600851565114
961,85.90995045962005,12.62339690905531
962,86.0226768833138,12.30422453905613
963,86.12988674181143,11.989378843212535
964,86.2387801713815,11.660835227604533
965,86.34542106892106,11.327038706486618
966,86.44304025893504,11.009305054632907
967,86.54161108021941,10.679102241717981
968,86.62892633223686,10.375231920783046
969,86.72458217086968,10.032426425463612
970,86.81471392155713,9.693214868566182
971,86.89391310664405,9.384559732785515
972,86.98204657639839,9.026218894848077
973,87.05610883741011,8.709336256994634
974,87.13322898324273,8.367755954274777
975,87.20141153687213,8.047475604626147
976,87.2795747025079,7.665846814477439
977,87.33312954775417,7.381634076609782
978,87.40288662147205,7.001859964077145
979,87.44953396609819,6.732581522093881
980,87.51031309881868,6.365117599512574
981,87.56167663613684,6.0282544302043855
982,87.61140431554703,5.680152231018344
983,87.66485388937443,5.2731103592743365
984,87.69370388717857,5.019809951471974
985,87.73720215226164,4.64132062640256
986,87.77172944152747,4.291815502387292
987,87.80155042514798,3.9548622165462612
988,87.8308334125689,3.5844357106932034
989,87.85057156108059,3.2896022354268473
990,87.87346924940914,2.910287830538839
991,87.88915625494514,2.5697042870965587
992,87.90090955101063,2.2710623248388577
993,87.9107261906544,1.9797330906683355
994,87.9197346067302,1.669653009487699
995,87.92612101403304,1.3653092175552741
996,87.93079076337095,1.0862313586051875
997,87.93462006716773,0.807272489754139
998,87.93745247819777,0.5188782233573181
999,87.9377563627019,0.23747039873937698
1000,87.93156373417179,-0.3153053873145724
1001,87.93293716848366,-0.3372975201303046
1002,87.93077751214062,-0.6244388759313513
1003,87.92797385425116,-0.8872738649305252
1004,87.92371655410564,-1.1751497065262615
1005,87.91793232627002,-1.466599200138499
1006,87.90991945502628,-1.7835605373140464
1007,87.8997093794749,-2.0917133792301006
1008,87.88785063960913,-2.3936122830422994
1009,87.87452584294518,-2.6938514271168343
1010,87.8547003131832,-3.062694068525926
1011,87.83048645844232,-3.4155793969350294
1012,87.8071380808044,-3.7343829966381756
1013,87.77687903925931,-4.085136423889589
1014,87.74519564712084,-4.418063174936578
1015,87.7059955918133,-4.792322678920383
1016,87.66872348759192,-5.094809201122935
1017,87.63126988824438,-5.413113750141182
1018,87.5806993700304,-5.787361245599263
1019,87.53242291778587,-6.115310154080626
1020,87.47728805701425,-6.4709550120064705
1021,87.41946866285754,-6.812129465074666
1022,87.36500360863337,-7.126406779861633
1023,87.29858319638795,-7.473788208103431
1024,87.23395079214806,-7.808317137283664
1025,87.16157173683577,-8.152472434693918
1026,87.09043264049124,-8.478463425303861
1027,87.01712691652385,-8.798997670286603
1028,86.93783236867752,-9.132792292318662
1029,86.85159368725213,-9.477279339780416
1030,86.77357270570494,-9.779173070866511
1031,86.67895031475264,-10.131048691447862
1032,86.5886503602433,-10.451331114757538
1033,86.49714183105918,-10.767789085982848
1034,86.3978060886364,-11.09808950457069
1035,86.29666832795112,-11.422537709865413
1036,86.18927154992623,-11.756203366916258
1037,86.08284359652248,-12.073759442893149
1038,85.96875020104403,-12.405369491027594
1039,85.85952115430115,-12.711602170026135
1040,85.74015113861726,-13.037798977831951
1041,85.6147632273397,-13.369617395282631
1042,85.49289740740358,-13.680695749012285
1043,85.33334405568851,-14.076617802943659
1044,85.23583425237075,-14.30685172611788
1045,85.09149813075588,-14.648851688104866
1046,84.95653064509581,-14.955384055441343
1047,84.8184101200054,-15.26351911660137
1048,84.67976073724894,-15.562848407340422
1049,84.54545970995667,-15.849141885986828
1050,84.39836283615105,-16.154727645232562
1051,84.2339627801875,-16.48800703767325
1052,84.08574187305793,-16.774696437112407
1053,83.97599644312551,-16.99317857535768
1054,83.79383878037535,-17.33991448334637
1055,83.64206656276497,-17.622306783339116
1056,83.47651878382803,-17.923766264259132
1057,83.30939244682318,-18.220764338806337
1058,83.15216034068445,-18.49470886821352
1059,82.99672411939864,-18.761122985858943
1060,82.80065705397462,-19.088973679165747
1061,82.66751808772645,-19.308671352498255
1062,82.4666122843632,-19.63284675068542
1063,82.29970991477455,-19.896802751085623
1064,82.12075333119911,-20.174744725376634
1065,81.94500329503417,-20.44307501715053
1066,81.75238884364751,-20.731297494442863
1067,81.56388817110373,-21.007234589438028
1068,81.37891425893407,-21.273114336522475
1069,81.18339825526766,-21.549295060485335
1070,80.98297339104334,-21.825536410678843
1071,80.7980351513626,-22.0773553640905
1072,80.60453069044954,-22.335160744313633
1073,80.42276807112943,-22.575309257619846
1074,80.23137679496294,-22.823655669855455
1075,80.0264746564909,-23.086166155745694
1076,79.83563020043911,-23.32552817212938
1077,79.64458667198767,-23.563879489730688
1078,79.45524847729722,-23.795502488949815
1079,79.24367263993393,-24.051496234083512
1080,79.0498026195591,-24.282511892605836
1081,78.84752207650467,-24.520194548496296
1082,78.64060775590622,-24.759980203476662
1083,78.43306472538032,-24.99672439207383
1084,78.23064626601082,-25.224687691265434
1085,78.03443589495598,-25.44297187091677
1086,77.79417043692364,-25.70729745800624
1087,77.59759410184614,-25.917733828582367
1088,77.39089502035038,-26.13888641080821
1089,77.15793044814957,-26.383943368374226
1090,76.89346821839408,-26.652170014608757
1091,76.8097967981207,-26.740411691573193
1092,76.54586374163429,-27.00897415766341
1093,76.30965760976919,-27.245475767546093
1094,76.06458143610058,-27.485983392195102
1095,75.85090243658507,-27.69118367310989
1096,75.65761585752749,-27.87719139400891
1097,75.46650896670191,-28.059506719930038
1098,75.22451732500701,-28.28747284297077
1099,75.05017425573135,-28.45054024067405
1100,74.77249254254178,-28.707642893471927
1101,74.59356790110604,-28.86880547437275
1102,74.4109370606737,-29.036950448303045
1103,74.1416386420791,-29.277722337503555
1104,73.9483152983139,-29.448361461340326
1105,73.73392540831728,-29.638291018744948
1106,73.48844123533075,-29.851755728272774
1107,73.26043646515292,-30.04701171271006
1108,73.03537178524202,-30.238135313185275
1109,72.82771173164089,-30.41265112312115
1110,72.6112044040056,-30.593496290544582
1111,72.39463111065503,-30.77359252899839
1112,72.18232250195169,-30.947669375694428
1113,71.97386972832984,-31.11825503486315
1114,71.71174052486111,-31.331025181939722
1115,71.50001820037937,-31.49606532664869
1116,71.43697451498647,-31.550531234381346
1117,71.11386648748484,-31.809738575549353
1118,70.86902283323732,-32.00322813373084
1119,70.66453301182995,-32.162014003218125
1120,70.48992708530827,-32.29870852430908
1121,70.28056413369578,-32.462282495005496
1122,70.04515493410115,-32.645368423505424
1123,69.82542750301035,-32.812956047973756
1124,69.7283492040203,-32.88848735032677
1125,69.53970208087436,-33.03662999614151
1126,69.40620289315014,-33.14176501734588
1127,69.28987241779869,-33.235314298152744
1128,69.16870273053635,-33.33465109833199
1129,69.0518549602904,-33.43179300649645
1130,68.940183851114,-33.526975703381325
1131,68.8292416752324,-33.62284144140308
1132,68.72703427463921,-33.713263244540904
1133,68.65989034510666,-33.77381844029451
1134,68.61295762412563,-33.817629506548585
1135,68.56408189358613,-33.86582993363788
1136,68.4745762438663,-33.95472199087307
1137,68.46234047893618,-33.9678538848652
1138,68.4115848915579,-34.022666431341534
1139,68.3899280736952,-34.04654768120021
1140,68.35155920491033,-34.09125209865697
1141,68.32679864112994,-34.121508500321696
1142,68.25800123931504,-34.2074087835393
1143,68.2404233958157,-34.22922509257041
1144,68.1978261294266,-34.287605510623706
1145,68.16151640085072,-34.33843424793186
1146,68.11188448619504,-34.41021836900144
1147,68.06423020590461,-34.482330729043674
1148,68.00283838291654,-34.577223253340435
1149,67.9415282565038,-34.675495907576874
1150,67.8561971645855,-34.814718213737606
1151,67.77302740675322,-34.95304713687936
1152,67.6807465476773,-35.10891269876454
1153,67.58839712268392,-35.267122782888165
1154,67.49528265574114,-35.42740788870313
1155,67.40776970553767,-35.58327698649239
1156,67.28178395378886,-35.805106810167615
1157,67.18057133936716,-35.98387905545496
1158,67.08190743888737,-36.161663103308115
1159,66.95686636895998,-36.386231958813184
1160,66.8275434159372,-36.61741171553142
1161,66.7067597380913,-36.832511392221036
1162,66.57822003967647,-37.061149959632495
1163,66.44830232269796,-37.29061562083201
1164,66.32551554556537,-37.50726814209977
1165,66.1904350182894,-37.74431410529645
1166,66.05941297675906,-37.97289563703723
1167,65.93048774139514,-38.1968260705185
1168,65.79823818557587,-38.4259388508973
1169,65.660131951672,-38.66313324663236
1170,65.52873954166394,-38.88759253491873
1171,65.3984339270703,-39.10975875922336
1172,65.26084563621819,-39.34286962536465
1173,65.12223876407558,-39.57618893533116
1174,65.00849120660776,-39.76756408577769
1175,64.87403864064551,-39.99379828904903
1176,64.7811735213778,-40.15048644616356
1177,64.67480797676433,-40.33223162851031
1178,64.56765405445789,-40.516746733030935
1179,64.47449914837992,-40.67793934090687
1180,64.38761995719696,-40.831047353588694
1181,64.29735424702434,-40.99219452707438
1182,64.21144126704317,-41.14830406746482
1183,64.13962133330787,-41.280329731246326
1184,64.07240564264549,-41.40757839949735
1185,64.02580918476914,-41.497844001553176
1186,63.97317849787238,-41.6042127289752
1187,63.93280622129895,-41.687507320025325
1188,63.90654720621443,-41.745106098670355
1189,63.87347428392171,-41.81976970204475
1190,63.86764330425508,-41.834060697022174
1191,63.841819676070045,-41.90052544655664
1192,63.810471191391585,-41.983877056570606
1193,63.78270688188948,-42.06196960783715
1194,63.77591696137906,-42.08048756661161
1195,63.76138530920754,-42.12942757247033
1196,63.73905626410203,-42.204024372060424
1197,63.72748598223626,-42.248476663309745
1198,63.69630964715917,-42.36853814513497
1199,63.677435619783026,-42.44765885654629
1200,63.6606858788551,-42.52208916411791
1201,63.635325625408285,-42.64337993715572
1202,63.60326961167743,-42.80522805977422
1203,63.579800535642356,-42.925679921969895
1204,63.55493051893185,-43.06817519637733
1205,63.53173886676318,-43.204741243601056
1206,63.502822674534436,-43.38710310461493
1207,63.47523498173125,-43.56629218261747
1208,63.44973141922147,-43.740756303224146
1209,63.42064278085592,-43.94206220721588
1210,63.37619114815279,-44.26038656438279
1211,63.362792846273976,-44.35129924707676
1212,63.312672273660525,-44.714107965431694
1213,63.27894229791444,-44.94684920461003
1214,63.25007871677006,-45.150743210054024
1215,63.19728074260742,-45.50548581629335
1216,63.18748490285604,-45.57336357862988
1217,63.12182174495666,-46.028081916830345
1218,63.08717863593729,-46.233489677373086
1219,63.05764793932079,-46.444326219098585
1220,62.99863801812643,-46.81233810995228
1221,62.95758970381623,-47.05806605601752
1222,62.91374589424542,-47.3283558274161
1223,62.860331092584765,-47.63839781812967
1224,62.81145271610204,-47.91503109805924
1225,62.75931826683905,-48.2022092016129
1226,62.70528715584288,-48.49178237553409
1227,62.65062250958967,-48.77660900766297
1228,62.591784623982065,-49.07470170952214
1229,62.536729507217686,-49.346167189061056
1230,62.48445685592752,-49.59957163283024
1231,62.39413068425846,-50.01358131920523
1232,62.36892843385701,-50.138680978559336
1233,62.293571705637916,-50.47174646947543
1234,62.22148527757492,-50.79130462644793
1235,62.16545800312039,-51.03434334586961
1236,62.08798792630192,-51.35887056910575
1237,61.99318962188285,-51.740347598951004
1238,61.96052853617449,-51.86673798911912
1239,61.8689465655826,-52.23126004921607
1240,61.79754789392294,-52.50271177230918
1241,61.71808749192786,-52.79989343042515
1242,61.60873218541027,-53.18722655260982
1243,61.58699109356037,-53.268966234825854
1244,61.438371303128605,-53.782858109127545
1245,61.37512098671478,-53.992191997620836
1246,61.29038726021731,-54.270386174929726
1247,61.19563513358207,-54.57677875321253
1248,61.08934709961966,-54.90874190382918
1249,60.99879134667079,-55.18207346376989
1250,60.893560264968315,-55.495682459689064
1251,60.79499365177402,-55.78094285928187
1252,60.69341834787062,-56.069826392667714
1253,60.59050356714882,-56.356324029405755
1254,60.478535394121614,-56.661955033848415
1255,60.36856826795239,-56.95303778950874
1256,60.25904559117,-57.240401454191236
1257,60.144666670343874,-57.53070282885994
1258,60.03598573605142,-57.80531993609792
1259,59.910000075312894,-58.11448488597139
1260,59.788185602446866,-58.40701519681111
1261,59.662337834747746,-58.70301090141105
1262,59.53441396893967,-58.99709079967771
1263,59.40281369679959,-59.293652766127835
1264,59.26387842297479,-59.598970772295054
1265,59.12969892272423,-59.88757637076682
1266,58.987352101719765,-60.18742653688611
1267,58.84530040104549,-60.47970474978786
1268,58.69733647490307,-60.77758338642809
1269,58.557555018490376,-61.05402146090561
1270,58.39624895931104,-61.36576591134191
1271,58.2497464008032,-61.6422952854372
1272,58.090946041988246,-61.93678967748713
1273,57.94636853407705,-62.20080021762486
1274,57.76882714275397,-62.51680358934713
1275,57.606708351194904,-62.79905500949566
1276,57.44949422148486,-63.06826371035499
1277,57.277598454376836,-63.35755060316309
1278,57.11007807571109,-63.632677898076054
1279,56.946650627778766,-63.89817005400525
1280,56.691697532903255,-64.30093342061737
1281,56.60374167367204,-64.43264278450134
1282,56.40586875161263,-64.74028164324687
1283,56.18717753593657,-65.06464924882556
1284,56.012771948809075,-65.31870291745392
1285,55.830884262252184,-65.57941003587123
1286,55.63055929189731,-65.86146479394252
1287,55.43441865078397,-66.13175254514583
1288,55.22424221133784,-66.41517074639701
1289,55.02257993511133,-66.68198621289362
1290,54.81530794028429,-66.95028238284476
1291,54.60030221110539,-67.22265599390607
1292,54.39049298140267,-67.48432588702359
1293,54.162177321536156,-67.76215504227952
1294,53.93879280335624,-68.02748959608415
1295,53.73804861067423,-68.2628299607046
1296,53.48844915042306,-68.54919648270601
1297,53.28445290079987,-68.77802222504899
1298,53.04211446062177,-69.0453159646995
1299,52.81543385483702,-69.29015957652246
1300,52.57941950632582,-69.5399192375214
1301,52.34894033866794,-69.77936218364736
1302,52.104676442706094,-70.02850325105071
1303,51.8527044609376,-70.27911663138885
1304,51.642616856255636,-70.48566979594796
1305,51.36376968864422,-70.75370223423258
1306,51.10276769036051,-70.99870477465024
1307,50.85973773110584,-71.21973490638058
1308,50.653130366705255,-71.4089743617874
1309,50.36642792401692,-71.663290433404
1310,50.130364998300585,-71.8693097380823
1311,49.77521374057172,-72.16994164917509
1312,49.65504633083564,-72.26726356816201
1313,49.35651111889544,-72.51787160428889
1314,49.06597746771392,-72.75108776523678
1315,48.79613562965191,-72.96345303267834
1316,48.52106916776809,-73.1754104530147
1317,48.24383878386928,-73.38465340316563
1318,47.959985479534524,-73.59403422914409
1319,47.686905693143565,-73.79090604355409
1320,47.40179301753554,-73.99255683148041
1321,47.07926157837178,-74.21509938103186
1322,46.85237268896823,-74.36752290836658
1323,46.51815892624856,-74.58897891484936
1324,46.24782685714262,-74.76316433551845
1325,45.985247324412896,-74.92849908963682
1326,45.75258963757984,-75.07530262082354
1327,45.470362364146965,-75.2495664011661
1328,45.23016704429066,-75.39512189093567
1329,44.980592841460854,-75.54675960243353
1330,44.710457871948016,-75.70673979162152
1331,44.490629826077324,-75.83674683181268
1332,44.24127505245036,-75.98290502399331
1333,43.982947632578785,-76.13221601289641
1334,43.74356637541899,-76.26882350243775
1335,43.5233682141258,-76.39476524932972
1336,43.27242734686608,-76.53646709168135
1337,43.033095135700854,-76.67080483302013
1338,42.775972862235065,-76.81354370601775
1339,42.52338897271143,-76.95224777363964
1340,42.22881764494691,-77.11150597385705
1341,41.95335088065873,-77.2567752900628
1342,41.68784004607027,-77.39583641480542
1343,41.387539790794364,-77.549348538323
1344,40.97587679469383,-77.75283220554797
1345,40.840347619697276,-77.81797306811109
1346,40.43491142498378,-78.01218714341803
1347,40.14027405556751,-78.14792933455932
1348,39.830300076477435,-78.2871916635612
1349,39.51182625411061,-78.42627225129299
1350,39.20427141216235,-78.55745838809392
1351,38.87698904694299,-78.69241584700063
1352,38.55881782862775,-78.82011615761868
1353,38.26082958900454,-78.93665872844537
1354,37.870535702660945,-79.08341785794626
1355,37.69245145086218,-79.14776767306599
1356,37.260325952919914,-79.30420135878526
1357,37.03823233283984,-79.38104589234591
1358,36.639682725597474,-79.51575707384936
1359,36.33660207119049,-79.61397893360903
1360,36.00954688183738,-79.71698470045041
1361,35.690910953678774,-79.81395549849506
1362,35.338363673698844,-79.91758412253324
1363,35.02397583765375,-80.00553808427951
1364,34.70891043880079,-80.09175849058127
1365,34.359437848142825,-80.18303633989572
1366,34.02250453542954,-80.26708430419971
1367,33.72836126555411,-80.33792565229635
1368,33.380444454325044,-80.41887194546527
1369,33.02811924645973,-80.49610818648536
1370,32.6997933430531,-80.5643504539718
1371,32.35939065566174,-80.6322086646912
1372,32.02110069986119,-80.69523592521362
1373,31.67553360847861,-80.7566672642411
1374,31.338356909958392,-80.81236323095763
1375,31.006937678573863,-80.86395671509756
1376,30.670654746152753,-80.91345834267807
1377,30.32437678278234,-80.96026127136106
1378,29.990790765975042,-81.00239249670665
1379,29.627205925970987,-81.04382564794683
1380,29.329992142067955,-81.0751730205285
1381,28.96752312057313,-81.10993773521152
1382,28.66112982591932,-81.13716156996513
1383,28.321208964472685,-81.16329343847455
1384,27.99977636720094,-81.1861143231241
1385,27.57006960652483,-81.21019555729056
1386,27.41227859968913,-81.21828194071477
1387,26.97971668228028,-81.23844823965041
1388,26.659959558466632,-81.24854492049634
1389,26.33913434907845,-81.25686998867147
1390,26.009825300357548,-81.2619796080388
1391,25.689470289996574,-81.26495994246378
1392,25.357668876144945,-81.26465781084377
1393,25.001754852655594,-81.26171860965215
1394,24.67222609571044,-81.25436310414847
1395,24.34521841196589,-81.24503554031658
1396,24.04466704288328,-81.23465694213104
1397,23.689439849637914,-81.21850889454595
1398,23.357157936367493,-81.20045089512423
1399,23.031241558876495,-81.17964615446655
1400,22.697665950262426,-81.15570190932102
1401,22.37724854519252,-81.1295809564397
1402,22.06711725731988,-81.10228556171563
1403,21.68708977158385,-81.06492672824827
1404,21.42890515874017,-81.03714593689416
1405,21.060284589529974,-80.99531354951841
1406,20.76747347035151,-80.95907741572276
1407,20.463826816930272,-80.91992974789805
1408,20.13627282187176,-80.8752320852289
1409,19.8278159723174,-80.83005950835133
1410,19.543560665432484,-80.78759375766577
1411,19.234202984867007,-80.73874047792609
1412,18.91730534792332,-80.68719227391583
1413,18.59548974238913,-80.63109405255088
1414,18.30665896585629,-80.57930453287251
1415,17.98860963877997,-80.52001898645467
1416,17.682997519135192,-80.46054684618738
1417,17.376127586227124,-80.39877353777982
1418,17.077253537490556,-80.33636505854872
1419,16.77142245536409,-80.27069961122416
1420,16.43926037451479,-80.19578143594028
1421,16.158005951897817,-80.13099224466794
1422,15.855111790024127,-80.05846815244105
1423,15.590581562869215,-79.99427176470424
1424,15.257714962718133,-79.91100015295376
1425,14.92062647378119,-79.82360065193318
1426,14.602358304344012,-79.73627087559267
1427,14.383081386526179,-79.67599961811662
1428,13.996280892023826,-79.5669907930078
1429,13.85382550693495,-79.52517271834448
1430,13.552626376258894,-79.440055354537
1431,13.198679696487511,-79.33535273770936
1432,12.950409208420467,-79.25854051783719
1433,12.6495320558103,-79.16697728689887
1434,12.255025937939205,-79.04062372599854
1435,12.180931577522482,-79.01500294207659
1436,11.814902140000314,-78.89960769973531
1437,11.530191754560324,-78.80454406328343
1438,11.25930781975202,-78.71316468540988
1439,10.982908423082858,-78.61820879737141
1440,10.719071620998827,-78.52646815716533
1441,10.449073592455104,-78.43143035017354
1442,10.169185454193745,-78.33116094018978
1443,9.886048693973294,-78.22798990416601
1444,9.631818172819791,-78.13402386839034
1445,9.354951458828197,-78.0305131385981
1446,9.114638659177253,-77.93955259719473
1447,8.835868845842182,-77.83399576886787
1448,8.401718832515328,-77.66137874452087
1449,8.463624089719254,-77.68539390318138
1450,8.082984145177681,-77.54051805952567
1451,7.838862630809812,-77.44450228614097
1452,7.510323261200568,-77.31191260595267
1453,7.31055478232928,-77.23011309055002
1454,7.091008866642218,-77.14124757377333
1455,6.850666360048457,-77.04346495567671
1456,6.569299795393267,-76.92795201907748
1457,6.378348342497159,-76.84776172672578
1458,6.254291438915795,-76.79877613768053
1459,6.026915415708958,-76.70792455149211
1460,5.880965441705452,-76.65057736056926
1461,5.720565837390342,-76.5889167843439
1462,5.604331725135868,-76.54518498607581
1463,5.461511945891212,-76.49398173495973
1464,5.332092039411381,-76.44800456319064
1465,5.21522912592021,-76.40895232669719
1466,5.0582156947479335,-76.35764472776519
1467,5.001253516441817,-76.33952093268306
1468,4.917249939465513,-76.31472644411065
1469,4.816471105255715,-76.28710032868587
1470,4.780646126443777,-76.27706113000463
1471,4.7645464464611145,-76.2732998514776
1472,4.714209705010989,-76.26266951471038
1473,4.656856672612107,-76.2512017874875
1474,4.566714606067535,-76.2352783348523
1475,4.523076256452459,-76.22808117731275
1476,4.467321571841245,-76.22015384420544
1477,4.415584582090403,-76.21421074490613
1478,4.322053507534368,-76.20413962220033
1479,4.258696236468477,-76.19876219359836
1480,4.19128163841285,-76.19379579648698
1481,4.104628497920337,-76.18939381472705
1482,3.9854676239259277,-76.18494867664155
1483,3.821568652957544,-76.18002829998558
1484,3.6585984541560554,-76.17639209854552
1485,3.4912134850312775,-76.17428667396004
1486,3.2918843287672646,-76.17265177271973
1487,3.088716235261056,-76.17177665966837
1488,2.9404125138770256,-76.17237848091393
1489,2.7180752626207823,-76.17420456800649
1490,2.505950440903598,-76.17689432847787
1491,2.2722030509424354,-76.17967922675994
1492,2.036245794982173,-76.18315366014794
1493,1.7802337376752582,-76.18645323878658
1494,1.5246189669861276,-76.18956011201081
1495,1.2824705772390756,-76.19227255529343
1496,1.0257455723232478,-76.19503823977475
1497,0.7568877223759128,-76.19739824276706
1498,0.49848213634306876,-76.19896606528998
1499,0.23279205542875284,-76.20025831434181
1500,-0.033300947065751846,-76.20075689450648
1501,-0.3004918043008436,-76.20076153298665
1502,-0.5618712564971886,-76.20004015512042
1503,-0.8310834455900893,-76.19891952678945
1504,-1.0962826425278538,-76.19692319337832
1505,-1.3542543796387618,-76.19448870083818
1506,-1.6137464175051892,-76.19183994415208
1507,-1.8670183742122564,-76.18863021589972
1508,-2.104505778146419,-76.18565358465986
1509,-2.3090778540433434,-76.18351554297382
1510,-2.5390723450650787,-76.18178736139069
1511,-2.7463297685704995,-76.18084960731251
1512,-2.9480189125926475,-76.17985122098699
1513,-3.098107095701149,-76.18133147611297
1514,-3.301658232956111,-76.18361361737065
1515,-3.499641551896773,-76.18676720935943
1516,-3.6598977725229536,-76.19021553961572
1517,-3.8029400437139285,-76.19451526525825
1518,-3.942135415660395,-76.20032203492595
1519,-4.051893653041785,-76.2060223642081
1520,-4.1529092260515155,-76.21274681809072
1521,-4.205409043939468,-76.21670107342153
1522,-4.238550959195239,-76.22055066011723
1523,-4.313485468571825,-76.2295607781343
1524,-4.354481136356538,-76.2355530529737
1525,-4.416882462317242,-76.24543077202729
1526,-4.482722847545727,-76.25752202590932
1527,-4.570876562682259,-76.27462109524862
1528,-4.635772105449917,-76.28827304759568
1529,-4.711730809822784,-76.30602778956147
1530,-4.731498991923261,-76.3103353108038
1531,-4.80780068465511,-76.33187525614959
1532,-4.916997519312668,-76.3634562338605
1533,-4.987834887177749,-76.38415247933116
1534,-5.084135916964886,-76.41613868798655
1535,-5.239250547697627,-76.46774431316527
1536,-5.352923017497234,-76.50695975021992
1537,-5.515569757698588,-76.56505280337392
1538,-5.647381809418414,-76.61299838577608
1539,-5.78769160367742,-76.66602372011741
1540,-5.942501020754032,-76.72572988854552
1541,-6.129326215096121,-76.79969145155889
1542,-6.353242938235262,-76.88773335182768
1543,-6.462281388962624,-76.93206895756863
1544,-6.72246987541528,-77.03875990495945
1545,-6.978065305348164,-77.14169949429785
1546,-7.224406182166076,-77.2403076757103
1547,-7.412093427615748,-77.31526872316289
1548,-7.640453366698529,-77.40828684826113
1549,-7.929685094272878,-77.52327157999085
1550,-8.299582430488368,-77.6683650570041
1551,-8.485329077951274,-77.73364490960508
1552,-8.557774722156603,-77.7674784066462
1553,-8.963434382444,-77.9247665096002
1554,-9.185247622676187,-78.00907675951608
1555,-9.449261341475431,-78.10910638482929
1556,-9.73157855330011,-78.213843503881
1557,-10.011648308288208,-78.3163269820062
1558,-10.290203447233111,-78.41626698824044
1559,-10.56406514723233,-78.51309880643416
1560,-10.847166500159627,-78.61160666118441
1561,-11.110883463575268,-78.70173290551656
1562,-11.382104148490324,-78.7934045988799
1563,-11.631474777613754,-78.87664005919598
1564,-12.027386569420802,-79.00697531267453
1565,-12.2152273687898,-79.06287756552726
1566,-12.413014033207471,-79.12911204693134
1567,-12.78406341767776,-79.24630767383029
1568,-13.022265409096118,-79.31833448158665
1569,-13.337406417529765,-79.41407886596502
1570,-13.690575636568038,-79.51625525814268
1571,-13.874547996038475,-79.56655024572761
1572,-14.136711825112059,-79.6442808676864
1573,-14.488124992400017,-79.74067108388326
1574,-14.727882990807021,-79.80602284285618
1575,-15.058029722189229,-79.89388156246837
1576,-15.374546986732327,-79.97527718947
1577,-15.699654793418214,-80.0550430451421
1578,-15.982752890391502,-80.12288189032019
1579,-16.2889424756034,-80.1939782634407
1580,-16.560308946608817,-80.25607968660483
1581,-16.89835032988921,-80.33011359030453
1582,-17.187103850185718,-80.39128615649005
1583,-17.493625482403225,-80.45438212972454
1584,-17.791194317356368,-80.51337361094483
1585,-18.115180259529314,-80.57553613457304
1586,-18.433645052705597,-80.63324807440416
1587,-18.719488976183673,-80.68335784169734
1588,-19.04851128527203,-80.73884431979813
1589,-19.335143606101134,-80.78495591571892
1590,-19.65294935870586,-80.8340815815215
1591,-19.930458382696955,-80.87541379692352
1592,-20.26894273738193,-80.92361701602913
1593,-20.583367277206044,-80.96522131840089
1594,-20.88353534886741,-81.00294937674279
1595,-21.217367197283583,-81.0429200656607
1596,-21.537622265941334,-81.07678083043375
1597,-21.835518417196408,-81.10854025525448
1598,-22.19870070153496,-81.1419067218016
1599,-22.509632085443656,-81.16800559400707
1600,-22.843670412229365,-81.19333451804127
1601,-23.1694064839598,-81.21507109617815
1602,-23.485153487682243,-81.2336380946734
1603,-23.817720503792952,-81.25069341178217
1604,-24.175954002394796,-81.26479006780369
1605,-24.483294694665773,-81.27483664608596
1606,-24.79322316260439,-81.28181668632419
1607,-25.14197257043527,-81.28789108763024
1608,-25.4670207272479,-81.28989339159216
1609,-25.799753764684528,-81.28906771103618
1610,-26.10747819610043,-81.28606983416176
1611,-26.45606915486951,-81.27955526452962
1612,-26.772565268970713,-81.27069155558344
1613,-27.145938033849397,-81.25717363186367
1614,-27.455128140066666,-81.23995957226263
1615,-27.67262529510014,-81.2315754689369
1616,-28.11371040498633,-81.2045725814152
1617,-28.440794283910623,-81.18062958929056
1618,-28.797893725207352,-81.15073843551144
1619,-29.108332024940243,-81.12267053661787
1620,-29.456903683424407,-81.08647340188301
1621,-29.772938368021833,-81.05207449821808
1622,-30.143873523308375,-81.00687809721884
1623,-30.46390964357933,-80.96463702672108
1624,-30.80549887966637,-80.91657633461041
1625,-31.121000812921665,-80.86909648201105
1626,-31.461270229471218,-80.81493450366644
1627,-31.81300234297813,-80.75501279911887
1628,-32.13701297263168,-80.69617947340845
1629,-32.47952110388971,-80.6309677718913
1630,-32.8134559205669,-80.56364184753602
1631,-33.15756719137548,-80.49058659878963
1632,-33.509480842386616,-80.41177149565077
1633,-33.8282398271574,-80.33660399603409
1634,-34.13599745794939,-80.26201898361099
1635,-34.485443409946,-80.17364245823168
1636,-34.823995623896415,-80.08351244631017
1637,-35.12016674073816,-80.0018695112046
1638,-35.458771326186714,-79.90601246646942
1639,-35.79039490686799,-79.80766404703468
1640,-36.11206965673228,-79.70916089817368
1641,-36.42586385229894,-79.6095180239048
1642,-36.759111297032526,-79.50133747497746
1643,-37.08830675487919,-79.38793760780875
1644,-37.40527981876281,-79.28021711381788
1645,-37.74922482327668,-79.15199546133348
1646,-38.004118234734946,-79.05946926550943
1647,-38.38314663168664,-78.91372039473944
1648,-38.68057974357254,-78.79630485435965
1649,-38.988974062347246,-78.67107794550829
1650,-39.31744389101451,-78.5339950175424
1651,-39.63666832075679,-78.39698670787777
1652,-39.96541716095588,-78.25071269433587
1653,-40.27352842001835,-78.11026192755469
1654,-40.62581294803343,-77.94506826271407
1655,-40.93774986776542,-77.78994767650892
1656,-41.14023490151685,-77.6936892849678
1657,-41.525136432246384,-77.49859543219027
1658,-41.82213073113317,-77.34415259648277
1659,-42.05226745332986,-77.22245027807678
1660,-42.333166449807024,-77.07311531631811
1661,-42.59833404291365,-76.92897107813975
1662,-42.85335752816237,-76.78913348785842
1663,-43.11696431822437,-76.6423662853322
1664,-43.36879193337258,-76.50059356024848
1665,-43.6361888659866,-76.34803065976091
1666,-43.85133884210555,-76.2242181773041
1667,-44.10500228539435,-76.07738399544547
1668,-44.35399874762527,-75.93160159254685
1669,-44.59358708615642,-75.79014361708145
1670,-44.80468027882177,-75.66476207861949
1671,-45.091544719806315,-75.49326425225026
1672,-45.32270565100948,-75.35228675482453
1673,-45.59725833508918,-75.18348022027494
1674,-45.88264221727975,-75.00477614538484
1675,-46.117207651727156,-74.85519772120502
1676,-46.421108908403035,-74.65847132951066
1677,-46.71127807398737,-74.4665794174508
1678,-46.991579901926954,-74.2746644085048
1679,-47.2268594175901,-74.11427962957886
1680,-47.533802440816636,-73.89880284621796
1681,-47.79239308445035,-73.71270854264095
1682,-48.00662766541164,-73.5573118186982
1683,-48.24484501488993,-73.38389830005379
1684,-48.56206999189189,-73.14724963385275
1685,-48.87651972701465,-72.90481112592747
1686,-49.12894824242133,-72.70507063577215
1687,-49.47786763690828,-72.42428472006264
1688,-49.66635878541682,-72.26407871837307
1689,-49.88683984991174,-72.08350380048816
1690,-50.21534425398079,-71.80151587594726
1691,-50.44512072012675,-71.6004580188411
1692,-50.744555232802405,-71.33259015999816
1693,-50.92639468959852,-71.16642911105797
1694,-51.2171148609408,-70.89816183125194
1695,-51.46383063640547,-70.66409970079084
1696,-51.729512019905904,-70.40571506398221
1697,-51.93261494497815,-70.20553587916112
1698,-52.192639284565814,-69.94446210797699
1699,-52.425973076077106,-69.70491230664958
1700,-52.65406851120524,-69.46646557940038
1701,-52.89459370171589,-69.21039429220154
1702,-53.13130993294003,-68.9525873168184
1703,-53.3614334295431,-68.69588531167079
1704,-53.574469662144075,-68.45546472377254
1705,-53.818503510148616,-68.17272474300941
1706,-54.014282871419276,-67.94179882668897
1707,-54.24366117850618,-67.66633769451764
1708,-54.4691909128987,-67.38946297986642
1709,-54.674753860462026,-67.1312066035249
1710,-54.903838456295865,-66.8371203917279
1711,-55.111260052959096,-66.56435420207367
1712,-55.3099318678698,-66.29833450483919
1713,-55.51172207198493,-66.02176566691914
1714,-55.70652142406866,-65.75029742501552
1715,-55.89235195925774,-65.48574200070829
1716,-56.07014702428003,-65.22899982476594
1717,-56.24436707555666,-64.9739114684288
1718,-56.492091069663275,-64.60132081857515
1719,-56.610727820787815,-64.41242320902775
1720,-56.769799485054634,-64.17278411592827
1721,-56.99446175569457,-63.815831518636806
1722,-57.15435681906567,-63.55520625214243
1723,-57.32924965582568,-63.26613308282954
1724,-57.49850900190543,-62.97998241845356
1725,-57.66220322673695,-62.697472571648014
1726,-57.8252243979311,-62.41084333130867
1727,-57.99190618070604,-62.1103297210408
1728,-58.13890567338062,-61.84186693682037
1729,-58.296012278976505,-61.54700680356193
1730,-58.45038206306993,-61.25299406423845
1731,-58.60339079951296,-60.953611470786484
1732,-58.74329515095555,-60.67526106757014
1733,-58.893716539182826,-60.3688661581321
1734,-59.037733283495854,-60.06872656469487
1735,-59.18010302952996,-59.76498480732579
1736,-59.3141885570498,-59.47192587791576
1737,-59.45340987402846,-59.16093573405339
1738,-59.57753762987703,-58.87669518728715
1739,-59.701824512381755,-58.58707723028319
1740,-59.82072107021601,-58.30455919842986
1741,-59.940879117335264,-58.013509495098496
1742,-60.07047899999062,-57.69241025330674
1743,-60.171103990606355,-57.43648552970069
1744,-60.29537588337566,-57.11690726253363
1745,-60.396639956976095,-56.848862198761104
1746,-60.51537797437513,-56.529465198054204
1747,-60.62100064997067,-56.23649899048498
1748,-60.72431823183345,-55.94447179105576
1749,-60.82576198998285,-55.65112914351457
1750,-60.9294080696215,-55.34472386201982
1751,-61.015547150973475,-55.08241555411118
1752,-61.10780235674372,-54.8019897546995
1753,-61.21616827895705,-54.46184562404372
1754,-61.30889902305282,-54.15787348309076
1755,-61.39003491009187,-53.88576977651341
1756,-61.47693346222185,-53.59656038411494
1757,-61.587043557217534,-53.194739547482456
1758,-61.616741165348834,-53.0986148436762
1759,-61.73560893843906,-52.66368168804473
1760,-61.80726015142711,-52.391377242459285
1761,-61.89458470084362,-52.05390909390021
1762,-61.962215167664354,-51.76918858706325
1763,-62.01129349220132,-51.58200581015611
1764,-62.09542507528504,-51.23457632022204
1765,-62.16570632117194,-50.9339454178447
1766,-62.23281269964647,-50.64562696873801
1767,-62.29736885360205,-50.34536134847317
1768,-62.36139314150652,-50.04700436851101
1769,-62.384628156338,-49.952359229770224
1770,-62.47816021044291,-49.506072039666286
1771,-62.53246736176075,-49.23973412428384
1772,-62.589563665033964,-48.954070933466475
1773,-62.64781549678119,-48.65217153178589
1774,-62.701776598981446,-48.364453849343874
1775,-62.752707926349686,-48.085030882050035
1776,-62.80296351501936,-47.80348463458923
1777,-62.85207444168232,-47.52091515987605
1778,-62.908054477416975,-47.18757288782972
1779,-62.9426632695387,-46.97177172515258
1780,-62.98309333976134,-46.72519068270001
1781,-63.040738659612444,-46.36078482736554
1782,-63.05574491482501,-46.25701126318736
1783,-63.11833218723294,-45.87067107714557
1784,-63.16266247493081,-45.541981596421934
1785,-63.18101637914282,-45.43116855402832
1786,-63.234582558564206,-45.052779584333386
1787,-63.265552540930024,-44.83376447149922
1788,-63.30920623910281,-44.52024189957383
1789,-63.33877406228095,-44.27567280924183
1790,-63.362915012433525,-44.12329980075195
1791,-63.399628210264936,-43.852179157405615
1792,-63.42999048873451,-43.63324725206481
1793,-63.45187423183705,-43.484450487907935
1794,-63.47603239703173,-43.3289353947213
1795,-63.501407233155724,-43.173206895949235
1796,-63.529829763254554,-43.01033243620752
1797,-63.5520127302953,-42.88568957300936
1798,-63.57983848476,-42.74427310047125
1799,-63.61057167686578,-42.591782800980646
1800,-63.63130540412383,-42.49401464648074
1801,-63.6474214858133,-42.424446721926714
1802,-63.66746271899775,-42.344586183450545
1803,-63.68705470742911,-42.26848154333511
1804,-63.68912704686003,-42.263206588900886
1805,-63.71309522244537,-42.18653447513423
1806,-63.72231518000123,-42.15714538129004
1807,-63.74080840184294,-42.1062304577435
1808,-63.76144549573928,-42.05008955228737
1809,-63.792102035371684,-41.97299690761737
1810,-63.808933589816945,-41.93039079548607
1811,-63.82491788795379,-41.89547496755253
1812,-63.8566740494922,-41.82594256129622
1813,-63.886747200730284,-41.7636677727764
1814,-63.93848100105316,-41.66057595712373
1815,-63.988798149273066,-41.562191602549206
1816,-64.05435723838796,-41.43963594683792
1817,-64.12714123230408,-41.30471933216937
1818,-64.2138900690556,-41.14841325498974
1819,-64.29898278576586,-40.99664869736788
1820,-64.39314233753402,-40.83118072326957
1821,-64.47851034346475,-40.68298642698293
1822,-64.57976565643759,-40.5105955390302
1823,-64.69484490608811,-40.315141644053675
1824,-64.80270728306931,-40.13223440465999
1825,-64.91753786751671,-39.940562274117205
1826,-65.05167441678596,-39.714499932089325
1827,-65.16971424309492,-39.51668214121798
1828,-65.30392138469755,-39.29064264956511
1829,-65.43523743959231,-39.06881875845716
1830,-65.56254188220844,-38.853078957099655
1831,-65.69799397768436,-38.62278492406868
1832,-65.83694158502506,-38.384757269582224
1833,-65.96370421508149,-38.16661628568739
1834,-66.0945731763318,-37.94064241855106
1835,-66.22724817929279,-37.71068829054243
1836,-66.3659394601445,-37.46830909431901
1837,-66.49291723566012,-37.245149053474464
1838,-66.62589705803462,-37.0104353474476
1839,-66.75377677089017,-36.783222996418566
1840,-66.88061893758577,-36.557466150279325
1841,-67.00846159024147,-36.328390929123024
1842,-67.1299563368643,-36.11016817333524
1843,-67.21444037983676,-35.95933547034651
1844,-67.30635567653859,-35.797817501762026
1845,-67.42374728523302,-35.59374459008739
1846,-67.50123584947876,-35.45975087532956
1847,-67.61147835652189,-35.271921453635514
1848,-67.70366894734136,-35.1167010273709
1849,-67.78802444945546,-34.97622090437548
1850,-67.86548421174172,-34.85068743609393
1851,-67.94230336053978,-34.72780068117088
1852,-68.00107854433854,-34.636885221060616
1853,-68.06198369599988,-34.544826475823974
1854,-68.1025132254034,-34.48556645684688
1855,-68.15587455330528,-34.41022626164103
1856,-68.19861770842945,-34.352228857636405
1857,-68.22558628653817,-34.31624290110756
1858,-68.24993950109443,-34.28580328724915
1859,-68.29553314567725,-34.2303581959103
1860,-68.31882656662209,-34.20377809415779
1861,-68.37514100177991,-34.13992170789343
1862,-68.42735659894038,-34.08379080034585
1863,-68.48207377953784,-34.02556051935861
1864,-68.51939866402576,-33.9885372925422
1865,-68.5825642634872,-33.925419120502
1866,-68.61051947749829,-33.90009679002965
1867,-68.68299160508414,-33.833688763128606
1868,-68.79565583707297,-33.73353234472361
1869,-68.91736076138194,-33.62650302995441
1870,-69.03144363426767,-33.52801428688141
1871,-69.13229048810918,-33.4428747890227
1872,-69.24899249210067,-33.346139490931556
1873,-69.37529308193893,-33.243557019699416
1874,-69.49830883845834,-33.144960551091
1875,-69.67845397828475,-33.002848487211836
1876,-69.84322806525147,-32.87172559948944
1877,-69.95882145367233,-32.7827504437808
1878,-70.20203358375794,-32.5941508825572
1879,-70.4131154019906,-32.4288898421244
1880,-70.60296559646879,-32.27942031104671
1881,-70.7543401155813,-32.16110654659001
1882,-71.01225213021456,-31.95946945550986
1883,-71.24884794270123,-31.771068723771258
1884,-71.53327146669707,-31.53948385881819
1885,-71.55509438321002,-31.522516729452388
1886,-71.86434357733619,-31.275567586346085
1887,-72.07784318394052,-31.10186870575201
1888,-72.2929098839547,-30.925530606301734
1889,-72.52726984443662,-30.73177061432635
1890,-72.73654159321755,-30.557231715047365
1891,-72.95669254568293,-30.371601980293576
1892,-73.17898516841869,-30.18315996225555
1893,-73.3974576823288,-29.995539019349206
1894,-73.61508794671893,-29.80714919899334
1895,-73.8554078703973,-29.597102080415638
1896,-74.06196488722547,-29.413583664481994
1897,-74.28520562426067,-29.21412278215078
1898,-74.54524941555314,-28.9773768333038
1899,-74.67180464476958,-28.86075405180636
1900,-74.91834350882283,-28.636540826760797
1901,-75.1543725062639,-28.41543797321159
1902,-75.34963195200261,-28.23279006521642
1903,-75.58519977290861,-28.007836040128183
1904,-75.77536493467237,-27.8258313653726
1905,-75.95816503459206,-27.64938798761144
1906,-76.21234940853155,-27.40205952452665
1907,-76.49036424732161,-27.124392905462262
1908,-76.68429979048916,-26.922015871122397
1909,-76.78232133087795,-26.82652009276471
1910,-77.05166314773341,-26.552587857067575
1911,-77.30338589058687,-26.288728251735506
1912,-77.51912755592448,-26.059418825599884
1913,-77.69835541428041,-25.865651643158998
1914,-77.92352289999528,-25.62201617529316
1915,-78.14109631696908,-25.38091072888529
1916,-78.34397228545815,-25.153157698196214
1917,-78.55121081635988,-24.91749382570964
1918,-78.75591345657057,-24.681172948378055
1919,-78.95203642429422,-24.451782345632655
1920,-79.15139999722592,-24.215822193109357
1921,-79.35554279061935,-23.97091372410303
1922,-79.55665386508225,-23.724681223705335
1923,-79.75225040278949,-23.483108702984698
1924,-79.92577649996731,-23.265506982054934
1925,-80.12828526935746,-23.009273118776186
1926,-80.3287432507085,-22.75043246089892
1927,-80.52266580345305,-22.496346140093774
1928,-80.70197748515577,-22.25797256210135
1929,-80.91270107295158,-21.973157607051064
1930,-81.08551353626133,-21.73519401718299
1931,-81.29271259361941,-21.445551211444336
1932,-81.47641907488169,-21.18273648147541
1933,-81.66323012645839,-20.911247583412845
1934,-81.85011465352554,-20.634142318885864
1935,-82.03917032227754,-20.347789058976353
1936,-82.21233340822492,-20.08056532387831
1937,-82.38116393090712,-19.8153238300865
1938,-82.54659003534499,-19.552411225632678
1939,-82.72925567030066,-19.25403319343796
1940,-82.87613526416503,-19.01379167343201
1941,-83.07447963088583,-18.676697353054156
1942,-83.22862787814199,-18.410356140713063
1943,-83.385407682781,-18.135012924140153
1944,-83.55386753450918,-17.83287582869788
1945,-83.71227472050579,-17.54198044853727
1946,-83.86309497000671,-17.25983490037598
1947,-84.05420944003622,-16.892459888702735
1948,-84.14022545179466,-16.72292318021607
1949,-84.32208327586811,-16.36379488082108
1950,-84.46452574838193,-16.07241987492262
1951,-84.61892108465958,-15.749112120256981
1952,-84.75100523820493,-15.46434916497277
1953,-84.89948292309623,-15.137982220322812
1954,-85.02755933269965,-14.84799220817327
1955,-85.17931450155896,-14.496639571051483
1956,-85.29438898334755,-14.21623155813272
1957,-85.4146645782229,-13.928025513209125
1958,-85.55181932137161,-13.581996281589115
1959,-85.6759952957917,-13.260107290211122
1960,-85.79789369017267,-12.933683071793636
1961,-85.9099241476409,-12.623470433726483
1962,-86.02264582832427,-12.304313782463876
1963,-86.12985974447231,-11.989459017063023
1964,-86.23875161147662,-11.660923352145229
1965,-86.34539480796559,-11.327121682276811
1966,-86.44301635807565,-11.009383777734666
1967,-86.54158549103214,-10.679189112886762
1968,-86.6289035667551,-10.375311669683766
1969,-86.7245566844592,-10.032519770241663
1970,-86.81469464808384,-9.693289587583328
1971,-86.89389204787503,-9.384642362958234
1972,-86.98202734853255,-9.026300338334115
1973,-87.05609083041392,-8.709414401260062
1974,-87.133208779471,-8.36784680424381
1975,-87.2013955196032,-8.047551613877182
1976,-87.27955244836119,-7.66595855347384
1977,-87.33311263272523,-7.381719248982622
1978,-87.40286834597805,-7.001967271893562
1979,-87.44951857533192,-6.732671536481945
1980,-87.51029766319265,-6.365214982516239
1981,-87.56166351192918,-6.028343278823266
1982,-87.61139260453272,-5.680239065803023
1983,-87.66483962547419,-5.273222699635506
1984,-87.69369550143377,-5.019873276745712
1985,-87.73718943228053,-4.6414426174376935
1986,-87.77172126470177,-4.291903760993048
1987,-87.80154351792565,-3.954944352168377
1988,-87.83082853687964,-3.5845114471041457
1989,-87.8505663391979,-3.2896752976813595
1990,-87.87346482917464,-2.9103776673878357
1991,-87.88915304940438,-2.5697825913707906
1992,-87.9009067224433,-2.271136314280069
1993,-87.91072387014702,-1.9798063598442521
1994,-87.91973239695096,-1.669736253413712
1995,-87.92611967992602,-1.365380574618632
1996,-87.93078976132024,-1.0863012372939613
1997,-87.9346194858987,-0.807337577693545
1998,-87.93745156411086,-0.5189653623083569
1999,-87.93753361306022,-0.1362829949901292
